<?xml version="1.0" encoding="UTF-8"?>
<package id="1" uuid="7830c468-24f6-4689-91cd-6f27fd94dbfc">
  <dateCreated id="2">2013-08-20 20:37:14</dateCreated>
  <name>Reference Application Encounter Types</name>
  <description>Contains encounter types required for proper functioning of some features in the reference application</description>
  <openmrsVersion>1.9.3  Build f535e9</openmrsVersion>
  <version>2</version>
  <groupUuid>56b191a8-0f71-44e9-b0ea-651f9da955ce</groupUuid>
  <modules id="3">
    <entry>
      <string>uilibrary</string>
      <string>2.0.3.1</string>
    </entry>
    <entry>
      <string>groovy</string>
      <string>2.2.4</string>
    </entry>
    <entry>
      <string>providermanagement</string>
      <string>2.0</string>
    </entry>
    <entry>
      <string>uiframework</string>
      <string>2.6</string>
    </entry>
    <entry>
      <string>htmlformentry</string>
      <string>2.1.2</string>
    </entry>
    <entry>
      <string>htmlformentry19ext</string>
      <string>1.3</string>
    </entry>
    <entry>
      <string>metadatamapping</string>
      <string>1.0.1</string>
    </entry>
    <entry>
      <string>metadatasharing</string>
      <string>1.1.8</string>
    </entry>
    <entry>
      <string>logic</string>
      <string>0.5.2</string>
    </entry>
  </modules>
  <items class="linked-hash-set" id="4">
    <org.openmrs.module.metadatasharing.Item id="5" uuid="ca3aed11-1aa4-42a1-b85c-8332fc8001fc">
      <id>4</id>
      <classname>org.openmrs.EncounterType</classname>
      <dateChanged id="6">2013-08-02 05:13:23</dateChanged>
      <retired>false</retired>
    </org.openmrs.module.metadatasharing.Item>
    <org.openmrs.module.metadatasharing.Item id="7" uuid="67a71486-1a54-468f-ac3e-7091a9a79584">
      <id>7</id>
      <classname>org.openmrs.EncounterType</classname>
      <dateChanged id="8">2013-08-12 12:08:05</dateChanged>
      <retired>false</retired>
    </org.openmrs.module.metadatasharing.Item>
  </items>
  <relatedItems class="linked-hash-set" id="9"/>
  <incrementalVersion>false</incrementalVersion>
</package>
