<?xml version="1.0" encoding="UTF-8"?>
<list id="1">
  <org.openmrs.Role id="2" uuid="c0a129d5-3af9-42f0-9ec4-3c4fc4d5af41">
    <description>Enters ADT events</description>
    <retired>false</retired>
    <role>Application: Enters ADT Events</role>
    <privileges id="3">
      <org.openmrs.Privilege id="4" uuid="640ad908-d8b1-44d1-a68f-a3a3ebe956e3">
        <description>Able to admit patients</description>
        <retired>false</retired>
        <privilege>Task: referenceapplication.simpleAdmission</privilege>
      </org.openmrs.Privilege>
      <org.openmrs.Privilege id="5" uuid="c0838bdd-6a6b-491b-aba7-60eff5a73554">
        <description>Able to discharge patients</description>
        <retired>false</retired>
        <privilege>Task: referenceapplication.simpleDischarge</privilege>
      </org.openmrs.Privilege>
      <org.openmrs.Privilege id="6" uuid="1a549e3a-c7d4-4ed7-8768-a27340e7d33b">
        <description>Able to access the active visits app</description>
        <retired>false</retired>
        <privilege>App: coreapps.activeVisits</privilege>
      </org.openmrs.Privilege>
      <org.openmrs.Privilege id="7" uuid="5a662e32-5190-4770-ae93-fd4cd926a4d8">
        <description>Able to transfer patients</description>
        <retired>false</retired>
        <privilege>Task: referenceapplication.simpleTransfer</privilege>
      </org.openmrs.Privilege>
      <org.openmrs.Privilege id="8" uuid="cf3eeaaf-a1e1-443c-94c1-ce9ebad82b13">
        <description>Able to access the find patient app</description>
        <retired>false</retired>
        <privilege>App: coreapps.findPatient</privilege>
      </org.openmrs.Privilege>
    </privileges>
    <inheritedRoles id="9"/>
    <childRoles id="10">
      <org.openmrs.Role id="11" uuid="339cafe1-acd6-4bd5-8d28-15cc493d2607">
        <description>Doctor</description>
        <retired>false</retired>
        <role>Organizational: Doctor</role>
        <privileges id="12"/>
        <inheritedRoles id="13">
          <org.openmrs.Role id="14" uuid="285b96e5-fb9f-4e83-ade3-44d152c4aeef">
            <description>Uses patient summary</description>
            <retired>false</retired>
            <role>Application: Uses Patient Summary</role>
            <privileges id="15">
              <org.openmrs.Privilege reference="8"/>
            </privileges>
            <inheritedRoles id="16"/>
            <childRoles id="17">
              <org.openmrs.Role reference="11"/>
            </childRoles>
          </org.openmrs.Role>
          <org.openmrs.Role id="18" uuid="2ce0fbc7-049a-43df-aa94-3db8308679a5">
            <description>Writes clinical notes</description>
            <retired>false</retired>
            <role>Application: Writes Clinical Notes</role>
            <privileges id="19">
              <org.openmrs.Privilege id="20" uuid="d66d8167-f172-4bde-8cf3-5c232fb22918">
                <description>Able to write clinical notes</description>
                <retired>false</retired>
                <privilege>Task: referenceapplication.simpleVisitNote</privilege>
              </org.openmrs.Privilege>
              <org.openmrs.Privilege reference="6"/>
              <org.openmrs.Privilege reference="8"/>
            </privileges>
            <inheritedRoles id="21"/>
            <childRoles id="22">
              <org.openmrs.Role reference="11"/>
            </childRoles>
          </org.openmrs.Role>
          <org.openmrs.Role reference="2"/>
        </inheritedRoles>
        <childRoles id="23"/>
      </org.openmrs.Role>
      <org.openmrs.Role id="24" uuid="9d92d41e-e0f8-4e8e-8f1d-cf43eefca86b">
        <description>Nurse</description>
        <retired>false</retired>
        <role>Organizational: Nurse</role>
        <privileges id="25"/>
        <inheritedRoles id="26">
          <org.openmrs.Role id="27" uuid="5d44ec9f-591e-4b3b-8f83-532bc25bb767">
            <description>Uses capture vitals app</description>
            <retired>false</retired>
            <role>Application: Uses Capture Vitals App</role>
            <privileges id="28">
              <org.openmrs.Privilege id="29" uuid="cd733f77-7cce-4b54-a1c9-8130f95e0ea0">
                <description>Able to access the vitals app</description>
                <retired>false</retired>
                <privilege>App: referenceapplication.vitals</privilege>
              </org.openmrs.Privilege>
            </privileges>
            <inheritedRoles id="30"/>
            <childRoles id="31">
              <org.openmrs.Role reference="24"/>
            </childRoles>
          </org.openmrs.Role>
          <org.openmrs.Role reference="2"/>
        </inheritedRoles>
        <childRoles id="32"/>
      </org.openmrs.Role>
    </childRoles>
  </org.openmrs.Role>
  <org.openmrs.Role id="33" uuid="3272e32a-48e9-4e9b-8fe5-ceaff59174c7">
    <description>Registers patients</description>
    <retired>false</retired>
    <role>Application: Registers Patients</role>
    <privileges id="34">
      <org.openmrs.Privilege id="35" uuid="b6578205-46e1-4f59-8ded-f2fd5716a8be">
        <description>Able to access the register patient app</description>
        <retired>false</retired>
        <privilege>App: registrationapp.registerPatient</privilege>
      </org.openmrs.Privilege>
      <org.openmrs.Privilege reference="6"/>
    </privileges>
    <inheritedRoles id="36"/>
    <childRoles id="37">
      <org.openmrs.Role id="38" uuid="59dd27aa-887a-468d-9793-af0b490ec7b9">
        <description>Registration clerk</description>
        <retired>false</retired>
        <role>Organizational: Registration Clerk</role>
        <privileges id="39"/>
        <inheritedRoles id="40">
          <org.openmrs.Role reference="33"/>
        </inheritedRoles>
        <childRoles id="41"/>
      </org.openmrs.Role>
    </childRoles>
  </org.openmrs.Role>
  <org.openmrs.Role reference="18"/>
  <org.openmrs.Role reference="38"/>
  <org.openmrs.Role id="42" uuid="30fb1695-9c4c-4d58-8022-ef08bd50e358">
    <description>Enters vitals</description>
    <retired>false</retired>
    <role>Application: Enters Vitals</role>
    <privileges id="43">
      <org.openmrs.Privilege reference="6"/>
      <org.openmrs.Privilege id="44" uuid="36dc2a99-6289-4251-9b1b-1ec6d0b7badb">
        <description>Able to enter vitals</description>
        <retired>false</retired>
        <privilege>Task: referenceapplication.vitals</privilege>
      </org.openmrs.Privilege>
      <org.openmrs.Privilege reference="8"/>
    </privileges>
    <inheritedRoles id="45"/>
    <childRoles id="46"/>
  </org.openmrs.Role>
  <org.openmrs.Role reference="11"/>
  <org.openmrs.Role id="47" uuid="495c98fc-7d34-409d-8ba6-da7035347228">
    <description>Extends the underlying System Developer API role</description>
    <retired>false</retired>
    <role>Application: Has Super User Privileges</role>
    <privileges id="48"/>
    <inheritedRoles id="49">
      <org.openmrs.Role id="50" uuid="8d94f852-c2cc-11de-8d13-0010c6dffd0f">
        <description>Developers of the OpenMRS .. have additional access to change fundamental structure of the database model.</description>
        <retired>false</retired>
        <role>System Developer</role>
        <privileges id="51"/>
        <inheritedRoles id="52"/>
        <childRoles id="53">
          <org.openmrs.Role reference="47"/>
        </childRoles>
      </org.openmrs.Role>
    </inheritedRoles>
    <childRoles id="54"/>
  </org.openmrs.Role>
  <org.openmrs.Role id="55" uuid="bd194ea6-fc0f-4aaa-9107-23b501d854c9">
    <description>Administers system</description>
    <retired>false</retired>
    <role>Application: Administers System</role>
    <privileges id="56">
      <org.openmrs.Privilege id="57" uuid="327c70bd-605d-4ea5-8791-b5a259aa138f">
        <description>Able to access the advanced administration app</description>
        <retired>false</retired>
        <privilege>App: referenceapplication.legacyAdmin</privilege>
      </org.openmrs.Privilege>
    </privileges>
    <inheritedRoles id="58"/>
    <childRoles id="59"/>
  </org.openmrs.Role>
  <org.openmrs.Role reference="14"/>
  <org.openmrs.Role reference="24"/>
  <org.openmrs.Role reference="27"/>
</list>
