<?xml version="1.0" encoding="UTF-8"?>
<list id="1">
  <org.openmrs.LocationTag id="2" uuid="0e1b3e47-4bff-4def-9cde-19af94a200a6">
    <name>Login Location</name>
    <description>When a user logs in and chooses a session location, they may only choose one with this tag</description>
    <creator/>
    <dateCreated id="3">2013-08-01 23:44:36</dateCreated>
    <retired>false</retired>
    <locationTagId>2</locationTagId>
  </org.openmrs.LocationTag>
  <org.openmrs.LocationTag id="4" uuid="37dd4458-dc9e-4ae6-a1f1-789c1162d37b">
    <name>Visit Location</name>
    <description>Visits are only allowed to happen at locations tagged with this location tag or at locations that descend from a location tagged with this tag.</description>
    <creator/>
    <dateCreated id="5">2013-08-01 23:45:29</dateCreated>
    <retired>false</retired>
    <locationTagId>4</locationTagId>
  </org.openmrs.LocationTag>
</list>
