<?xml version="1.0" encoding="UTF-8"?>
<list id="1">
  <org.openmrs.LocationTag id="2" uuid="1c783dca-fd54-4ea8-a0fc-2875374e9cb6">
    <name>Admission Location</name>
    <description>Patients may only be admitted to inpatient care in a location with this tag</description>
    <creator/>
    <dateCreated id="3">2013-08-01 23:43:47</dateCreated>
    <retired>false</retired>
    <locationTagId>1</locationTagId>
  </org.openmrs.LocationTag>
  <org.openmrs.LocationTag id="4" uuid="b8bbf83e-645f-451f-8efe-a0db56f09676">
    <name>Login Location</name>
    <description>When a user logs in and chooses a session location, they may only choose one with this tag</description>
    <creator/>
    <dateCreated id="5">2013-08-01 23:44:36</dateCreated>
    <retired>false</retired>
    <locationTagId>2</locationTagId>
  </org.openmrs.LocationTag>
  <org.openmrs.LocationTag id="6" uuid="8d4626ca-7abd-42ad-be48-56767bbcf272">
    <name>Transfer Location</name>
    <description>Patients may only be transferred (within the hospital) to a location with this tag</description>
    <creator/>
    <dateCreated id="7">2013-08-01 23:44:55</dateCreated>
    <retired>false</retired>
    <locationTagId>3</locationTagId>
  </org.openmrs.LocationTag>
  <org.openmrs.LocationTag id="8" uuid="37dd4458-dc9e-4ae6-a1f1-789c1162d37b">
    <name>Visit Location</name>
    <description>Visits are only allowed to happen at locations tagged with this location tag or at locations that descend from a location tagged with this tag.</description>
    <creator/>
    <dateCreated id="9">2013-08-01 23:45:29</dateCreated>
    <retired>false</retired>
    <locationTagId>4</locationTagId>
  </org.openmrs.LocationTag>
</list>
