<?xml version="1.0" encoding="UTF-8"?>
<package id="1" uuid="6ea500ac-d722-4732-a331-98f891af3548">
  <dateCreated id="2">2014-04-23 10:32:43</dateCreated>
  <name>Reference Application Frequency Concepts</name>
  <description>Contains concepts of class Frequency</description>
  <openmrsVersion>1.9.3  Build f535e9</openmrsVersion>
  <version>1</version>
  <groupUuid>44c9c397-0e52-4245-9411-fc95dc64d804</groupUuid>
  <modules id="3">
    <entry>
      <string>uilibrary</string>
      <string>2.0.3.1</string>
    </entry>
    <entry>
      <string>dataexchange</string>
      <string>1.1-SNAPSHOT</string>
    </entry>
    <entry>
      <string>groovy</string>
      <string>2.2.4</string>
    </entry>
    <entry>
      <string>providermanagement</string>
      <string>2.0</string>
    </entry>
    <entry>
      <string>validation</string>
      <string>1.0.1</string>
    </entry>
    <entry>
      <string>uiframework</string>
      <string>2.6</string>
    </entry>
    <entry>
      <string>htmlformentry</string>
      <string>2.1.2</string>
    </entry>
    <entry>
      <string>htmlformentry19ext</string>
      <string>1.3</string>
    </entry>
    <entry>
      <string>metadatamapping</string>
      <string>1.0.1</string>
    </entry>
    <entry>
      <string>metadatasharing</string>
      <string>1.1.8</string>
    </entry>
    <entry>
      <string>logic</string>
      <string>0.5.2</string>
    </entry>
  </modules>
  <items class="linked-hash-set" id="4">
    <org.openmrs.module.metadatasharing.Item id="5" uuid="162256AAAAAAAAAAAAAAAAAAAAAAAAAAAAAA">
      <id>162256</id>
      <classname>org.openmrs.Concept</classname>
      <dateChanged id="6">2013-12-09 05:22:51</dateChanged>
      <retired>false</retired>
    </org.openmrs.module.metadatasharing.Item>
    <org.openmrs.module.metadatasharing.Item id="7" uuid="1099AAAAAAAAAAAAAAAAAAAAAAAAAAAAAAAA">
      <id>1099</id>
      <classname>org.openmrs.Concept</classname>
      <dateChanged id="8">2013-12-28 01:47:56</dateChanged>
      <retired>false</retired>
    </org.openmrs.module.metadatasharing.Item>
    <org.openmrs.module.metadatasharing.Item id="9" uuid="160868AAAAAAAAAAAAAAAAAAAAAAAAAAAAAA">
      <id>160868</id>
      <classname>org.openmrs.Concept</classname>
      <dateChanged id="10">2013-12-28 01:53:23</dateChanged>
      <retired>false</retired>
    </org.openmrs.module.metadatasharing.Item>
    <org.openmrs.module.metadatasharing.Item id="11" uuid="160865AAAAAAAAAAAAAAAAAAAAAAAAAAAAAA">
      <id>160865</id>
      <classname>org.openmrs.Concept</classname>
      <dateChanged id="12">2013-12-28 01:52:32</dateChanged>
      <retired>false</retired>
    </org.openmrs.module.metadatasharing.Item>
    <org.openmrs.module.metadatasharing.Item id="13" uuid="162255AAAAAAAAAAAAAAAAAAAAAAAAAAAAAA">
      <id>162255</id>
      <classname>org.openmrs.Concept</classname>
      <dateChanged id="14">2013-12-09 05:28:38</dateChanged>
      <retired>false</retired>
    </org.openmrs.module.metadatasharing.Item>
    <org.openmrs.module.metadatasharing.Item id="15" uuid="160862AAAAAAAAAAAAAAAAAAAAAAAAAAAAAA">
      <id>160862</id>
      <classname>org.openmrs.Concept</classname>
      <dateChanged id="16">2013-12-28 01:51:25</dateChanged>
      <retired>false</retired>
    </org.openmrs.module.metadatasharing.Item>
    <org.openmrs.module.metadatasharing.Item id="17" uuid="162257AAAAAAAAAAAAAAAAAAAAAAAAAAAAAA">
      <id>162257</id>
      <classname>org.openmrs.Concept</classname>
      <dateChanged id="18">2013-12-12 07:51:31</dateChanged>
      <retired>false</retired>
    </org.openmrs.module.metadatasharing.Item>
    <org.openmrs.module.metadatasharing.Item id="19" uuid="160867AAAAAAAAAAAAAAAAAAAAAAAAAAAAAA">
      <id>160867</id>
      <classname>org.openmrs.Concept</classname>
      <dateChanged id="20">2013-12-28 01:53:10</dateChanged>
      <retired>false</retired>
    </org.openmrs.module.metadatasharing.Item>
    <org.openmrs.module.metadatasharing.Item id="21" uuid="162248AAAAAAAAAAAAAAAAAAAAAAAAAAAAAA">
      <id>162248</id>
      <classname>org.openmrs.Concept</classname>
      <dateChanged id="22">2013-12-09 05:26:39</dateChanged>
      <retired>false</retired>
    </org.openmrs.module.metadatasharing.Item>
    <org.openmrs.module.metadatasharing.Item id="23" uuid="160860AAAAAAAAAAAAAAAAAAAAAAAAAAAAAA">
      <id>160860</id>
      <classname>org.openmrs.Concept</classname>
      <dateChanged id="24">2013-12-28 01:50:21</dateChanged>
      <retired>false</retired>
    </org.openmrs.module.metadatasharing.Item>
    <org.openmrs.module.metadatasharing.Item id="25" uuid="160866AAAAAAAAAAAAAAAAAAAAAAAAAAAAAA">
      <id>160866</id>
      <classname>org.openmrs.Concept</classname>
      <dateChanged id="26">2013-12-28 01:52:57</dateChanged>
      <retired>false</retired>
    </org.openmrs.module.metadatasharing.Item>
    <org.openmrs.module.metadatasharing.Item id="27" uuid="160872AAAAAAAAAAAAAAAAAAAAAAAAAAAAAA">
      <id>160872</id>
      <classname>org.openmrs.Concept</classname>
      <dateChanged id="28">2013-12-28 01:55:31</dateChanged>
      <retired>false</retired>
    </org.openmrs.module.metadatasharing.Item>
    <org.openmrs.module.metadatasharing.Item id="29" uuid="162245AAAAAAAAAAAAAAAAAAAAAAAAAAAAAA">
      <id>162245</id>
      <classname>org.openmrs.Concept</classname>
      <dateChanged id="30">2013-12-09 05:26:12</dateChanged>
      <retired>false</retired>
    </org.openmrs.module.metadatasharing.Item>
    <org.openmrs.module.metadatasharing.Item id="31" uuid="162251AAAAAAAAAAAAAAAAAAAAAAAAAAAAAA">
      <id>162251</id>
      <classname>org.openmrs.Concept</classname>
      <dateChanged id="32">2013-12-09 05:27:25</dateChanged>
      <retired>false</retired>
    </org.openmrs.module.metadatasharing.Item>
    <org.openmrs.module.metadatasharing.Item id="33" uuid="162252AAAAAAAAAAAAAAAAAAAAAAAAAAAAAA">
      <id>162252</id>
      <classname>org.openmrs.Concept</classname>
      <dateChanged id="34">2013-12-09 05:27:47</dateChanged>
      <retired>false</retired>
    </org.openmrs.module.metadatasharing.Item>
    <org.openmrs.module.metadatasharing.Item id="35" uuid="160869AAAAAAAAAAAAAAAAAAAAAAAAAAAAAA">
      <id>160869</id>
      <classname>org.openmrs.Concept</classname>
      <dateChanged id="36">2013-12-28 01:53:43</dateChanged>
      <retired>false</retired>
    </org.openmrs.module.metadatasharing.Item>
    <org.openmrs.module.metadatasharing.Item id="37" uuid="160859AAAAAAAAAAAAAAAAAAAAAAAAAAAAAA">
      <id>160859</id>
      <classname>org.openmrs.Concept</classname>
      <dateChanged id="38">2013-12-28 01:49:29</dateChanged>
      <retired>false</retired>
    </org.openmrs.module.metadatasharing.Item>
    <org.openmrs.module.metadatasharing.Item id="39" uuid="160858AAAAAAAAAAAAAAAAAAAAAAAAAAAAAA">
      <id>160858</id>
      <classname>org.openmrs.Concept</classname>
      <dateChanged id="40">2013-12-28 01:49:04</dateChanged>
      <retired>false</retired>
    </org.openmrs.module.metadatasharing.Item>
    <org.openmrs.module.metadatasharing.Item id="41" uuid="162244AAAAAAAAAAAAAAAAAAAAAAAAAAAAAA">
      <id>162244</id>
      <classname>org.openmrs.Concept</classname>
      <dateChanged id="42">2013-12-09 04:55:51</dateChanged>
      <retired>false</retired>
    </org.openmrs.module.metadatasharing.Item>
    <org.openmrs.module.metadatasharing.Item id="43" uuid="160861AAAAAAAAAAAAAAAAAAAAAAAAAAAAAA">
      <id>160861</id>
      <classname>org.openmrs.Concept</classname>
      <dateChanged id="44">2013-12-28 01:50:43</dateChanged>
      <retired>false</retired>
    </org.openmrs.module.metadatasharing.Item>
    <org.openmrs.module.metadatasharing.Item id="45" uuid="162253AAAAAAAAAAAAAAAAAAAAAAAAAAAAAA">
      <id>162253</id>
      <classname>org.openmrs.Concept</classname>
      <dateChanged id="46">2013-12-09 05:28:05</dateChanged>
      <retired>false</retired>
    </org.openmrs.module.metadatasharing.Item>
    <org.openmrs.module.metadatasharing.Item id="47" uuid="1098AAAAAAAAAAAAAAAAAAAAAAAAAAAAAAAA">
      <id>1098</id>
      <classname>org.openmrs.Concept</classname>
      <dateChanged id="48">2013-12-28 01:47:37</dateChanged>
      <retired>false</retired>
    </org.openmrs.module.metadatasharing.Item>
    <org.openmrs.module.metadatasharing.Item id="49" uuid="162135AAAAAAAAAAAAAAAAAAAAAAAAAAAAAA">
      <id>162135</id>
      <classname>org.openmrs.Concept</classname>
      <dateChanged id="50">2013-12-28 01:56:35</dateChanged>
      <retired>false</retired>
    </org.openmrs.module.metadatasharing.Item>
    <org.openmrs.module.metadatasharing.Item id="51" uuid="162247AAAAAAAAAAAAAAAAAAAAAAAAAAAAAA">
      <id>162247</id>
      <classname>org.openmrs.Concept</classname>
      <dateChanged id="52">2013-12-09 05:25:49</dateChanged>
      <retired>false</retired>
    </org.openmrs.module.metadatasharing.Item>
    <org.openmrs.module.metadatasharing.Item id="53" uuid="160863AAAAAAAAAAAAAAAAAAAAAAAAAAAAAA">
      <id>160863</id>
      <classname>org.openmrs.Concept</classname>
      <dateChanged id="54">2013-12-28 01:51:52</dateChanged>
      <retired>false</retired>
    </org.openmrs.module.metadatasharing.Item>
    <org.openmrs.module.metadatasharing.Item id="55" uuid="162254AAAAAAAAAAAAAAAAAAAAAAAAAAAAAA">
      <id>162254</id>
      <classname>org.openmrs.Concept</classname>
      <dateChanged id="56">2013-12-09 05:28:22</dateChanged>
      <retired>false</retired>
    </org.openmrs.module.metadatasharing.Item>
    <org.openmrs.module.metadatasharing.Item id="57" uuid="160864AAAAAAAAAAAAAAAAAAAAAAAAAAAAAA">
      <id>160864</id>
      <classname>org.openmrs.Concept</classname>
      <dateChanged id="58">2013-12-28 01:52:20</dateChanged>
      <retired>false</retired>
    </org.openmrs.module.metadatasharing.Item>
    <org.openmrs.module.metadatasharing.Item id="59" uuid="162246AAAAAAAAAAAAAAAAAAAAAAAAAAAAAA">
      <id>162246</id>
      <classname>org.openmrs.Concept</classname>
      <dateChanged id="60">2013-12-09 05:26:00</dateChanged>
      <retired>false</retired>
    </org.openmrs.module.metadatasharing.Item>
    <org.openmrs.module.metadatasharing.Item id="61" uuid="162243AAAAAAAAAAAAAAAAAAAAAAAAAAAAAA">
      <id>162243</id>
      <classname>org.openmrs.Concept</classname>
      <dateChanged id="62">2013-12-09 04:55:02</dateChanged>
      <retired>false</retired>
    </org.openmrs.module.metadatasharing.Item>
    <org.openmrs.module.metadatasharing.Item id="63" uuid="160870AAAAAAAAAAAAAAAAAAAAAAAAAAAAAA">
      <id>160870</id>
      <classname>org.openmrs.Concept</classname>
      <dateChanged id="64">2013-12-28 01:54:03</dateChanged>
      <retired>false</retired>
    </org.openmrs.module.metadatasharing.Item>
    <org.openmrs.module.metadatasharing.Item id="65" uuid="160871AAAAAAAAAAAAAAAAAAAAAAAAAAAAAA">
      <id>160871</id>
      <classname>org.openmrs.Concept</classname>
      <dateChanged id="66">2013-12-28 01:54:53</dateChanged>
      <retired>false</retired>
    </org.openmrs.module.metadatasharing.Item>
    <org.openmrs.module.metadatasharing.Item id="67" uuid="162250AAAAAAAAAAAAAAAAAAAAAAAAAAAAAA">
      <id>162250</id>
      <classname>org.openmrs.Concept</classname>
      <dateChanged id="68">2013-12-09 05:27:08</dateChanged>
      <retired>false</retired>
    </org.openmrs.module.metadatasharing.Item>
    <org.openmrs.module.metadatasharing.Item id="69" uuid="162249AAAAAAAAAAAAAAAAAAAAAAAAAAAAAA">
      <id>162249</id>
      <classname>org.openmrs.Concept</classname>
      <dateChanged id="70">2013-12-09 05:26:53</dateChanged>
      <retired>false</retired>
    </org.openmrs.module.metadatasharing.Item>
  </items>
  <relatedItems class="linked-hash-set" id="71">
    <org.openmrs.module.metadatasharing.Item id="72" uuid="8d4a4c94-c2cc-11de-8d13-0010c6dffd0f">
      <id>4</id>
      <classname>org.openmrs.ConceptDatatype</classname>
      <dateChanged id="73">2004-02-02 05:00:00</dateChanged>
      <retired>false</retired>
    </org.openmrs.module.metadatasharing.Item>
    <org.openmrs.module.metadatasharing.Item id="74" uuid="8e071bfe-520c-44c0-a89b-538e9129b42a">
      <id>23</id>
      <classname>org.openmrs.ConceptClass</classname>
      <dateChanged id="75">2013-12-09 04:44:54</dateChanged>
      <retired>false</retired>
    </org.openmrs.module.metadatasharing.Item>
    <org.openmrs.module.metadatasharing.Item id="76" uuid="125264BBBBBBBBBBBBBBBBBBBBBBBBBBBBBB">
      <id>125264</id>
      <classname>org.openmrs.ConceptName</classname>
      <dateChanged id="77">2013-12-09 05:22:40</dateChanged>
    </org.openmrs.module.metadatasharing.Item>
    <org.openmrs.module.metadatasharing.Item id="78" uuid="125265BBBBBBBBBBBBBBBBBBBBBBBBBBBBBB">
      <id>125265</id>
      <classname>org.openmrs.ConceptName</classname>
      <dateChanged id="79">2013-12-09 05:22:40</dateChanged>
    </org.openmrs.module.metadatasharing.Item>
    <org.openmrs.module.metadatasharing.Item id="80" uuid="125266BBBBBBBBBBBBBBBBBBBBBBBBBBBBBB">
      <id>125266</id>
      <classname>org.openmrs.ConceptName</classname>
      <dateChanged id="81">2013-12-09 05:22:40</dateChanged>
    </org.openmrs.module.metadatasharing.Item>
    <org.openmrs.module.metadatasharing.Item id="82" uuid="274991ABBBBBBBBBBBBBBBBBBBBBBBBBBBBB">
      <id>274991</id>
      <classname>org.openmrs.ConceptMap</classname>
      <dateChanged id="83">2013-12-09 05:22:40</dateChanged>
    </org.openmrs.module.metadatasharing.Item>
    <org.openmrs.module.metadatasharing.Item id="84" uuid="35543629-7d8c-11e1-909d-c80aa9edcf4e">
      <id>1</id>
      <classname>org.openmrs.ConceptMapType</classname>
      <dateChanged id="85">2014-04-11 04:00:00</dateChanged>
      <retired>false</retired>
    </org.openmrs.module.metadatasharing.Item>
    <org.openmrs.module.metadatasharing.Item id="86" uuid="c75d823c-6790-337b-9438-b900ce8fa398">
      <id>274991</id>
      <classname>org.openmrs.ConceptReferenceTerm</classname>
      <dateChanged id="87">2013-12-09 05:00:00</dateChanged>
      <retired>false</retired>
    </org.openmrs.module.metadatasharing.Item>
    <org.openmrs.module.metadatasharing.Item id="88" uuid="1ADDDDDDDDDDDDDDDDDDDDDDDDDDDDDDDDDD">
      <id>1</id>
      <classname>org.openmrs.ConceptSource</classname>
      <dateChanged id="89">2009-11-20 01:19:16</dateChanged>
      <retired>false</retired>
    </org.openmrs.module.metadatasharing.Item>
    <org.openmrs.module.metadatasharing.Item id="90" uuid="274992ABBBBBBBBBBBBBBBBBBBBBBBBBBBBB">
      <id>274992</id>
      <classname>org.openmrs.ConceptMap</classname>
      <dateChanged id="91">2013-12-09 05:22:51</dateChanged>
    </org.openmrs.module.metadatasharing.Item>
    <org.openmrs.module.metadatasharing.Item id="92" uuid="5e26a725-d2eb-30f1-92fd-c5110497e8cb">
      <id>274992</id>
      <classname>org.openmrs.ConceptReferenceTerm</classname>
      <dateChanged id="93">2013-12-09 05:00:00</dateChanged>
      <retired>false</retired>
    </org.openmrs.module.metadatasharing.Item>
    <org.openmrs.module.metadatasharing.Item id="94" uuid="21ADDDDDDDDDDDDDDDDDDDDDDDDDDDDDDDDD">
      <id>21</id>
      <classname>org.openmrs.ConceptSource</classname>
      <dateChanged id="95">2013-07-03 19:55:03</dateChanged>
      <retired>false</retired>
    </org.openmrs.module.metadatasharing.Item>
    <org.openmrs.module.metadatasharing.Item id="96" uuid="125281BBBBBBBBBBBBBBBBBBBBBBBBBBBBBB">
      <id>125281</id>
      <classname>org.openmrs.ConceptName</classname>
      <dateChanged id="97">2013-12-28 01:47:56</dateChanged>
    </org.openmrs.module.metadatasharing.Item>
    <org.openmrs.module.metadatasharing.Item id="98" uuid="125257BBBBBBBBBBBBBBBBBBBBBBBBBBBBBB">
      <id>125257</id>
      <classname>org.openmrs.ConceptName</classname>
      <dateChanged id="99">2013-12-09 05:08:33</dateChanged>
    </org.openmrs.module.metadatasharing.Item>
    <org.openmrs.module.metadatasharing.Item id="100" uuid="1173BBBBBBBBBBBBBBBBBBBBBBBBBBBBBBBB">
      <id>1173</id>
      <classname>org.openmrs.ConceptName</classname>
      <dateChanged id="101">2005-01-12 05:00:00</dateChanged>
    </org.openmrs.module.metadatasharing.Item>
    <org.openmrs.module.metadatasharing.Item id="102" uuid="1102FFFFFFFFFFFFFFFFFFFFFFFFFFFFFFFF">
      <id>1102</id>
      <classname>org.openmrs.ConceptDescription</classname>
      <dateChanged id="103">2013-12-28 01:47:56</dateChanged>
    </org.openmrs.module.metadatasharing.Item>
    <org.openmrs.module.metadatasharing.Item id="104" uuid="133852ABBBBBBBBBBBBBBBBBBBBBBBBBBBBB">
      <id>133852</id>
      <classname>org.openmrs.ConceptMap</classname>
      <dateChanged id="105">2010-10-01 23:50:55</dateChanged>
    </org.openmrs.module.metadatasharing.Item>
    <org.openmrs.module.metadatasharing.Item id="106" uuid="c7f8ed84-4c0a-398a-9533-e76817786a75">
      <id>133852</id>
      <classname>org.openmrs.ConceptReferenceTerm</classname>
      <dateChanged id="107">2010-10-01 04:00:00</dateChanged>
      <retired>false</retired>
    </org.openmrs.module.metadatasharing.Item>
    <org.openmrs.module.metadatasharing.Item id="108" uuid="134771ABBBBBBBBBBBBBBBBBBBBBBBBBBBBB">
      <id>134771</id>
      <classname>org.openmrs.ConceptMap</classname>
      <dateChanged id="109">2010-10-24 17:09:59</dateChanged>
    </org.openmrs.module.metadatasharing.Item>
    <org.openmrs.module.metadatasharing.Item id="110" uuid="b8bb8e8a-4e9c-3bdf-87fd-14aaec89724c">
      <id>134771</id>
      <classname>org.openmrs.ConceptReferenceTerm</classname>
      <dateChanged id="111">2010-10-24 04:00:00</dateChanged>
      <retired>false</retired>
    </org.openmrs.module.metadatasharing.Item>
    <org.openmrs.module.metadatasharing.Item id="112" uuid="13ADDDDDDDDDDDDDDDDDDDDDDDDDDDDDDDDD">
      <id>13</id>
      <classname>org.openmrs.ConceptSource</classname>
      <dateChanged id="113">2010-10-24 21:02:38</dateChanged>
      <retired>false</retired>
    </org.openmrs.module.metadatasharing.Item>
    <org.openmrs.module.metadatasharing.Item id="114" uuid="171362ABBBBBBBBBBBBBBBBBBBBBBBBBBBBB">
      <id>171362</id>
      <classname>org.openmrs.ConceptMap</classname>
      <dateChanged id="115">2013-07-03 22:53:08</dateChanged>
    </org.openmrs.module.metadatasharing.Item>
    <org.openmrs.module.metadatasharing.Item id="116" uuid="962c68cd-b1e2-369f-9226-c814c317075a">
      <id>171362</id>
      <classname>org.openmrs.ConceptReferenceTerm</classname>
      <dateChanged id="117">2013-07-03 04:00:00</dateChanged>
      <retired>false</retired>
    </org.openmrs.module.metadatasharing.Item>
    <org.openmrs.module.metadatasharing.Item id="118" uuid="109573BBBBBBBBBBBBBBBBBBBBBBBBBBBBBB">
      <id>109573</id>
      <classname>org.openmrs.ConceptName</classname>
      <dateChanged id="119">2012-07-16 05:37:10</dateChanged>
    </org.openmrs.module.metadatasharing.Item>
    <org.openmrs.module.metadatasharing.Item id="120" uuid="125292BBBBBBBBBBBBBBBBBBBBBBBBBBBBBB">
      <id>125292</id>
      <classname>org.openmrs.ConceptName</classname>
      <dateChanged id="121">2013-12-28 01:53:23</dateChanged>
    </org.openmrs.module.metadatasharing.Item>
    <org.openmrs.module.metadatasharing.Item id="122" uuid="109574BBBBBBBBBBBBBBBBBBBBBBBBBBBBBB">
      <id>109574</id>
      <classname>org.openmrs.ConceptName</classname>
      <dateChanged id="123">2012-07-16 05:37:10</dateChanged>
    </org.openmrs.module.metadatasharing.Item>
    <org.openmrs.module.metadatasharing.Item id="124" uuid="109572BBBBBBBBBBBBBBBBBBBBBBBBBBBBBB">
      <id>109572</id>
      <classname>org.openmrs.ConceptName</classname>
      <dateChanged id="125">2012-07-16 05:37:10</dateChanged>
    </org.openmrs.module.metadatasharing.Item>
    <org.openmrs.module.metadatasharing.Item id="126" uuid="145044ABBBBBBBBBBBBBBBBBBBBBBBBBBBBB">
      <id>145044</id>
      <classname>org.openmrs.ConceptMap</classname>
      <dateChanged id="127">2012-07-16 05:37:10</dateChanged>
    </org.openmrs.module.metadatasharing.Item>
    <org.openmrs.module.metadatasharing.Item id="128" uuid="23a8ae18-52da-3e59-90cb-20f0ec5a9c76">
      <id>145044</id>
      <classname>org.openmrs.ConceptReferenceTerm</classname>
      <dateChanged id="129">2012-07-16 04:00:00</dateChanged>
      <retired>false</retired>
    </org.openmrs.module.metadatasharing.Item>
    <org.openmrs.module.metadatasharing.Item id="130" uuid="217986ABBBBBBBBBBBBBBBBBBBBBBBBBBBBB">
      <id>217986</id>
      <classname>org.openmrs.ConceptMap</classname>
      <dateChanged id="131">2013-07-03 22:53:08</dateChanged>
    </org.openmrs.module.metadatasharing.Item>
    <org.openmrs.module.metadatasharing.Item id="132" uuid="b0f73667-3435-3768-af60-126b4cac1652">
      <id>217986</id>
      <classname>org.openmrs.ConceptReferenceTerm</classname>
      <dateChanged id="133">2013-07-03 04:00:00</dateChanged>
      <retired>false</retired>
    </org.openmrs.module.metadatasharing.Item>
    <org.openmrs.module.metadatasharing.Item id="134" uuid="125289BBBBBBBBBBBBBBBBBBBBBBBBBBBBBB">
      <id>125289</id>
      <classname>org.openmrs.ConceptName</classname>
      <dateChanged id="135">2013-12-28 01:52:32</dateChanged>
    </org.openmrs.module.metadatasharing.Item>
    <org.openmrs.module.metadatasharing.Item id="136" uuid="109564BBBBBBBBBBBBBBBBBBBBBBBBBBBBBB">
      <id>109564</id>
      <classname>org.openmrs.ConceptName</classname>
      <dateChanged id="137">2012-07-16 05:34:18</dateChanged>
    </org.openmrs.module.metadatasharing.Item>
    <org.openmrs.module.metadatasharing.Item id="138" uuid="109565BBBBBBBBBBBBBBBBBBBBBBBBBBBBBB">
      <id>109565</id>
      <classname>org.openmrs.ConceptName</classname>
      <dateChanged id="139">2012-07-16 05:34:18</dateChanged>
    </org.openmrs.module.metadatasharing.Item>
    <org.openmrs.module.metadatasharing.Item id="140" uuid="109563BBBBBBBBBBBBBBBBBBBBBBBBBBBBBB">
      <id>109563</id>
      <classname>org.openmrs.ConceptName</classname>
      <dateChanged id="141">2012-07-16 05:34:18</dateChanged>
    </org.openmrs.module.metadatasharing.Item>
    <org.openmrs.module.metadatasharing.Item id="142" uuid="217983ABBBBBBBBBBBBBBBBBBBBBBBBBBBBB">
      <id>217983</id>
      <classname>org.openmrs.ConceptMap</classname>
      <dateChanged id="143">2013-07-03 22:53:08</dateChanged>
    </org.openmrs.module.metadatasharing.Item>
    <org.openmrs.module.metadatasharing.Item id="144" uuid="77709466-7a1e-3a29-b6fe-335249ce4da9">
      <id>217983</id>
      <classname>org.openmrs.ConceptReferenceTerm</classname>
      <dateChanged id="145">2013-07-03 04:00:00</dateChanged>
      <retired>false</retired>
    </org.openmrs.module.metadatasharing.Item>
    <org.openmrs.module.metadatasharing.Item id="146" uuid="145041ABBBBBBBBBBBBBBBBBBBBBBBBBBBBB">
      <id>145041</id>
      <classname>org.openmrs.ConceptMap</classname>
      <dateChanged id="147">2012-07-16 05:34:18</dateChanged>
    </org.openmrs.module.metadatasharing.Item>
    <org.openmrs.module.metadatasharing.Item id="148" uuid="43ac5109-7d8c-11e1-909d-c80aa9edcf4e">
      <id>2</id>
      <classname>org.openmrs.ConceptMapType</classname>
      <dateChanged id="149">2014-04-11 04:00:00</dateChanged>
      <retired>false</retired>
    </org.openmrs.module.metadatasharing.Item>
    <org.openmrs.module.metadatasharing.Item id="150" uuid="981afed9-eeaf-3abd-b405-40ce84445580">
      <id>145041</id>
      <classname>org.openmrs.ConceptReferenceTerm</classname>
      <dateChanged id="151">2012-07-16 04:00:00</dateChanged>
      <retired>false</retired>
    </org.openmrs.module.metadatasharing.Item>
    <org.openmrs.module.metadatasharing.Item id="152" uuid="2ADDDDDDDDDDDDDDDDDDDDDDDDDDDDDDDDDD">
      <id>2</id>
      <classname>org.openmrs.ConceptSource</classname>
      <dateChanged id="153">2010-04-25 15:12:44</dateChanged>
      <retired>false</retired>
    </org.openmrs.module.metadatasharing.Item>
    <org.openmrs.module.metadatasharing.Item id="154" uuid="125277BBBBBBBBBBBBBBBBBBBBBBBBBBBBBB">
      <id>125277</id>
      <classname>org.openmrs.ConceptName</classname>
      <dateChanged id="155">2013-12-09 05:28:38</dateChanged>
    </org.openmrs.module.metadatasharing.Item>
    <org.openmrs.module.metadatasharing.Item id="156" uuid="125256BBBBBBBBBBBBBBBBBBBBBBBBBBBBBB">
      <id>125256</id>
      <classname>org.openmrs.ConceptName</classname>
      <dateChanged id="157">2013-12-09 05:06:51</dateChanged>
    </org.openmrs.module.metadatasharing.Item>
    <org.openmrs.module.metadatasharing.Item id="158" uuid="125255BBBBBBBBBBBBBBBBBBBBBBBBBBBBBB">
      <id>125255</id>
      <classname>org.openmrs.ConceptName</classname>
      <dateChanged id="159">2013-12-09 05:06:51</dateChanged>
    </org.openmrs.module.metadatasharing.Item>
    <org.openmrs.module.metadatasharing.Item id="160" uuid="274989ABBBBBBBBBBBBBBBBBBBBBBBBBBBBB">
      <id>274989</id>
      <classname>org.openmrs.ConceptMap</classname>
      <dateChanged id="161">2013-12-09 05:06:59</dateChanged>
    </org.openmrs.module.metadatasharing.Item>
    <org.openmrs.module.metadatasharing.Item id="162" uuid="1e5ec4f6-c3b7-3621-9c63-9f8c25edd142">
      <id>274989</id>
      <classname>org.openmrs.ConceptReferenceTerm</classname>
      <dateChanged id="163">2013-12-09 05:00:00</dateChanged>
      <retired>false</retired>
    </org.openmrs.module.metadatasharing.Item>
    <org.openmrs.module.metadatasharing.Item id="164" uuid="274988ABBBBBBBBBBBBBBBBBBBBBBBBBBBBB">
      <id>274988</id>
      <classname>org.openmrs.ConceptMap</classname>
      <dateChanged id="165">2013-12-09 05:06:51</dateChanged>
    </org.openmrs.module.metadatasharing.Item>
    <org.openmrs.module.metadatasharing.Item id="166" uuid="16802058-bf50-3d70-a56d-d5cb9c6dd56b">
      <id>274986</id>
      <classname>org.openmrs.ConceptReferenceTerm</classname>
      <dateChanged id="167">2013-12-09 05:00:00</dateChanged>
      <retired>false</retired>
    </org.openmrs.module.metadatasharing.Item>
    <org.openmrs.module.metadatasharing.Item id="168" uuid="125286BBBBBBBBBBBBBBBBBBBBBBBBBBBBBB">
      <id>125286</id>
      <classname>org.openmrs.ConceptName</classname>
      <dateChanged id="169">2013-12-28 01:51:12</dateChanged>
    </org.openmrs.module.metadatasharing.Item>
    <org.openmrs.module.metadatasharing.Item id="170" uuid="109553BBBBBBBBBBBBBBBBBBBBBBBBBBBBBB">
      <id>109553</id>
      <classname>org.openmrs.ConceptName</classname>
      <dateChanged id="171">2012-07-16 05:31:27</dateChanged>
    </org.openmrs.module.metadatasharing.Item>
    <org.openmrs.module.metadatasharing.Item id="172" uuid="109556BBBBBBBBBBBBBBBBBBBBBBBBBBBBBB">
      <id>109556</id>
      <classname>org.openmrs.ConceptName</classname>
      <dateChanged id="173">2012-07-16 05:31:27</dateChanged>
    </org.openmrs.module.metadatasharing.Item>
    <org.openmrs.module.metadatasharing.Item id="174" uuid="109554BBBBBBBBBBBBBBBBBBBBBBBBBBBBBB">
      <id>109554</id>
      <classname>org.openmrs.ConceptName</classname>
      <dateChanged id="175">2012-07-16 05:31:27</dateChanged>
    </org.openmrs.module.metadatasharing.Item>
    <org.openmrs.module.metadatasharing.Item id="176" uuid="109555BBBBBBBBBBBBBBBBBBBBBBBBBBBBBB">
      <id>109555</id>
      <classname>org.openmrs.ConceptName</classname>
      <dateChanged id="177">2012-07-16 05:31:27</dateChanged>
    </org.openmrs.module.metadatasharing.Item>
    <org.openmrs.module.metadatasharing.Item id="178" uuid="145038ABBBBBBBBBBBBBBBBBBBBBBBBBBBBB">
      <id>145038</id>
      <classname>org.openmrs.ConceptMap</classname>
      <dateChanged id="179">2012-07-16 05:31:27</dateChanged>
    </org.openmrs.module.metadatasharing.Item>
    <org.openmrs.module.metadatasharing.Item id="180" uuid="333e006b-d224-3822-9509-7f69412fb3a6">
      <id>145038</id>
      <classname>org.openmrs.ConceptReferenceTerm</classname>
      <dateChanged id="181">2012-07-16 04:00:00</dateChanged>
      <retired>false</retired>
    </org.openmrs.module.metadatasharing.Item>
    <org.openmrs.module.metadatasharing.Item id="182" uuid="217980ABBBBBBBBBBBBBBBBBBBBBBBBBBBBB">
      <id>217980</id>
      <classname>org.openmrs.ConceptMap</classname>
      <dateChanged id="183">2013-07-03 22:53:08</dateChanged>
    </org.openmrs.module.metadatasharing.Item>
    <org.openmrs.module.metadatasharing.Item id="184" uuid="92c53942-9ba3-38df-a009-27e26915f5ef">
      <id>217980</id>
      <classname>org.openmrs.ConceptReferenceTerm</classname>
      <dateChanged id="185">2013-07-03 04:00:00</dateChanged>
      <retired>false</retired>
    </org.openmrs.module.metadatasharing.Item>
    <org.openmrs.module.metadatasharing.Item id="186" uuid="125278BBBBBBBBBBBBBBBBBBBBBBBBBBBBBB">
      <id>125278</id>
      <classname>org.openmrs.ConceptName</classname>
      <dateChanged id="187">2013-12-12 07:51:23</dateChanged>
    </org.openmrs.module.metadatasharing.Item>
    <org.openmrs.module.metadatasharing.Item id="188" uuid="274993ABBBBBBBBBBBBBBBBBBBBBBBBBBBBB">
      <id>274993</id>
      <classname>org.openmrs.ConceptMap</classname>
      <dateChanged id="189">2013-12-12 07:51:23</dateChanged>
    </org.openmrs.module.metadatasharing.Item>
    <org.openmrs.module.metadatasharing.Item id="190" uuid="099e79b9-09e2-359e-81c9-b1986820c053">
      <id>274993</id>
      <classname>org.openmrs.ConceptReferenceTerm</classname>
      <dateChanged id="191">2013-12-12 05:00:00</dateChanged>
      <retired>false</retired>
    </org.openmrs.module.metadatasharing.Item>
    <org.openmrs.module.metadatasharing.Item id="192" uuid="274994ABBBBBBBBBBBBBBBBBBBBBBBBBBBBB">
      <id>274994</id>
      <classname>org.openmrs.ConceptMap</classname>
      <dateChanged id="193">2013-12-12 07:51:31</dateChanged>
    </org.openmrs.module.metadatasharing.Item>
    <org.openmrs.module.metadatasharing.Item id="194" uuid="ad629621-46f0-37a2-a772-51a4d77abafe">
      <id>274994</id>
      <classname>org.openmrs.ConceptReferenceTerm</classname>
      <dateChanged id="195">2013-12-12 05:00:00</dateChanged>
      <retired>false</retired>
    </org.openmrs.module.metadatasharing.Item>
    <org.openmrs.module.metadatasharing.Item id="196" uuid="109570BBBBBBBBBBBBBBBBBBBBBBBBBBBBBB">
      <id>109570</id>
      <classname>org.openmrs.ConceptName</classname>
      <dateChanged id="197">2012-07-16 05:36:21</dateChanged>
    </org.openmrs.module.metadatasharing.Item>
    <org.openmrs.module.metadatasharing.Item id="198" uuid="125291BBBBBBBBBBBBBBBBBBBBBBBBBBBBBB">
      <id>125291</id>
      <classname>org.openmrs.ConceptName</classname>
      <dateChanged id="199">2013-12-28 01:53:10</dateChanged>
    </org.openmrs.module.metadatasharing.Item>
    <org.openmrs.module.metadatasharing.Item id="200" uuid="109569BBBBBBBBBBBBBBBBBBBBBBBBBBBBBB">
      <id>109569</id>
      <classname>org.openmrs.ConceptName</classname>
      <dateChanged id="201">2012-07-16 05:36:21</dateChanged>
    </org.openmrs.module.metadatasharing.Item>
    <org.openmrs.module.metadatasharing.Item id="202" uuid="109571BBBBBBBBBBBBBBBBBBBBBBBBBBBBBB">
      <id>109571</id>
      <classname>org.openmrs.ConceptName</classname>
      <dateChanged id="203">2012-07-16 05:36:21</dateChanged>
    </org.openmrs.module.metadatasharing.Item>
    <org.openmrs.module.metadatasharing.Item id="204" uuid="145043ABBBBBBBBBBBBBBBBBBBBBBBBBBBBB">
      <id>145043</id>
      <classname>org.openmrs.ConceptMap</classname>
      <dateChanged id="205">2012-07-16 05:36:21</dateChanged>
    </org.openmrs.module.metadatasharing.Item>
    <org.openmrs.module.metadatasharing.Item id="206" uuid="4f75a0f8-40c0-31ee-af41-a7242aef8b4f">
      <id>145043</id>
      <classname>org.openmrs.ConceptReferenceTerm</classname>
      <dateChanged id="207">2012-07-16 04:00:00</dateChanged>
      <retired>false</retired>
    </org.openmrs.module.metadatasharing.Item>
    <org.openmrs.module.metadatasharing.Item id="208" uuid="217985ABBBBBBBBBBBBBBBBBBBBBBBBBBBBB">
      <id>217985</id>
      <classname>org.openmrs.ConceptMap</classname>
      <dateChanged id="209">2013-07-03 22:53:08</dateChanged>
    </org.openmrs.module.metadatasharing.Item>
    <org.openmrs.module.metadatasharing.Item id="210" uuid="4fea74aa-5f89-3fd5-917f-6ccc61b0a250">
      <id>217985</id>
      <classname>org.openmrs.ConceptReferenceTerm</classname>
      <dateChanged id="211">2013-07-03 04:00:00</dateChanged>
      <retired>false</retired>
    </org.openmrs.module.metadatasharing.Item>
    <org.openmrs.module.metadatasharing.Item id="212" uuid="125242BBBBBBBBBBBBBBBBBBBBBBBBBBBBBB">
      <id>125242</id>
      <classname>org.openmrs.ConceptName</classname>
      <dateChanged id="213">2013-12-09 04:58:57</dateChanged>
    </org.openmrs.module.metadatasharing.Item>
    <org.openmrs.module.metadatasharing.Item id="214" uuid="125270BBBBBBBBBBBBBBBBBBBBBBBBBBBBBB">
      <id>125270</id>
      <classname>org.openmrs.ConceptName</classname>
      <dateChanged id="215">2013-12-09 05:26:39</dateChanged>
    </org.openmrs.module.metadatasharing.Item>
    <org.openmrs.module.metadatasharing.Item id="216" uuid="125241BBBBBBBBBBBBBBBBBBBBBBBBBBBBBB">
      <id>125241</id>
      <classname>org.openmrs.ConceptName</classname>
      <dateChanged id="217">2013-12-09 04:58:57</dateChanged>
    </org.openmrs.module.metadatasharing.Item>
    <org.openmrs.module.metadatasharing.Item id="218" uuid="274975ABBBBBBBBBBBBBBBBBBBBBBBBBBBBB">
      <id>274975</id>
      <classname>org.openmrs.ConceptMap</classname>
      <dateChanged id="219">2013-12-09 04:59:07</dateChanged>
    </org.openmrs.module.metadatasharing.Item>
    <org.openmrs.module.metadatasharing.Item id="220" uuid="25354e47-d456-321f-8072-1de10e8ead2a">
      <id>274975</id>
      <classname>org.openmrs.ConceptReferenceTerm</classname>
      <dateChanged id="221">2013-12-08 05:00:00</dateChanged>
      <retired>false</retired>
    </org.openmrs.module.metadatasharing.Item>
    <org.openmrs.module.metadatasharing.Item id="222" uuid="274974ABBBBBBBBBBBBBBBBBBBBBBBBBBBBB">
      <id>274974</id>
      <classname>org.openmrs.ConceptMap</classname>
      <dateChanged id="223">2013-12-09 04:58:57</dateChanged>
    </org.openmrs.module.metadatasharing.Item>
    <org.openmrs.module.metadatasharing.Item id="224" uuid="664e6ac3-2915-31e1-883e-76da0f5abfae">
      <id>274974</id>
      <classname>org.openmrs.ConceptReferenceTerm</classname>
      <dateChanged id="225">2013-12-08 05:00:00</dateChanged>
      <retired>false</retired>
    </org.openmrs.module.metadatasharing.Item>
    <org.openmrs.module.metadatasharing.Item id="226" uuid="109548BBBBBBBBBBBBBBBBBBBBBBBBBBBBBB">
      <id>109548</id>
      <classname>org.openmrs.ConceptName</classname>
      <dateChanged id="227">2012-07-16 05:25:52</dateChanged>
    </org.openmrs.module.metadatasharing.Item>
    <org.openmrs.module.metadatasharing.Item id="228" uuid="109549BBBBBBBBBBBBBBBBBBBBBBBBBBBBBB">
      <id>109549</id>
      <classname>org.openmrs.ConceptName</classname>
      <dateChanged id="229">2012-07-16 05:25:52</dateChanged>
    </org.openmrs.module.metadatasharing.Item>
    <org.openmrs.module.metadatasharing.Item id="230" uuid="109547BBBBBBBBBBBBBBBBBBBBBBBBBBBBBB">
      <id>109547</id>
      <classname>org.openmrs.ConceptName</classname>
      <dateChanged id="231">2012-07-16 05:25:52</dateChanged>
    </org.openmrs.module.metadatasharing.Item>
    <org.openmrs.module.metadatasharing.Item id="232" uuid="125284BBBBBBBBBBBBBBBBBBBBBBBBBBBBBB">
      <id>125284</id>
      <classname>org.openmrs.ConceptName</classname>
      <dateChanged id="233">2013-12-28 01:50:21</dateChanged>
    </org.openmrs.module.metadatasharing.Item>
    <org.openmrs.module.metadatasharing.Item id="234" uuid="217978ABBBBBBBBBBBBBBBBBBBBBBBBBBBBB">
      <id>217978</id>
      <classname>org.openmrs.ConceptMap</classname>
      <dateChanged id="235">2013-07-03 22:53:08</dateChanged>
    </org.openmrs.module.metadatasharing.Item>
    <org.openmrs.module.metadatasharing.Item id="236" uuid="ba80da88-85fa-38c7-980b-ad16789b1ef2">
      <id>217978</id>
      <classname>org.openmrs.ConceptReferenceTerm</classname>
      <dateChanged id="237">2013-07-03 04:00:00</dateChanged>
      <retired>false</retired>
    </org.openmrs.module.metadatasharing.Item>
    <org.openmrs.module.metadatasharing.Item id="238" uuid="145036ABBBBBBBBBBBBBBBBBBBBBBBBBBBBB">
      <id>145036</id>
      <classname>org.openmrs.ConceptMap</classname>
      <dateChanged id="239">2012-07-16 05:25:52</dateChanged>
    </org.openmrs.module.metadatasharing.Item>
    <org.openmrs.module.metadatasharing.Item id="240" uuid="7b89f939-53b5-3ccc-88d4-17c618287a7e">
      <id>145035</id>
      <classname>org.openmrs.ConceptReferenceTerm</classname>
      <dateChanged id="241">2012-07-16 04:00:00</dateChanged>
      <retired>false</retired>
    </org.openmrs.module.metadatasharing.Item>
    <org.openmrs.module.metadatasharing.Item id="242" uuid="125229BBBBBBBBBBBBBBBBBBBBBBBBBBBBBB">
      <id>125229</id>
      <classname>org.openmrs.ConceptName</classname>
      <dateChanged id="243">2013-12-09 04:49:41</dateChanged>
    </org.openmrs.module.metadatasharing.Item>
    <org.openmrs.module.metadatasharing.Item id="244" uuid="109567BBBBBBBBBBBBBBBBBBBBBBBBBBBBBB">
      <id>109567</id>
      <classname>org.openmrs.ConceptName</classname>
      <dateChanged id="245">2012-07-16 05:35:23</dateChanged>
    </org.openmrs.module.metadatasharing.Item>
    <org.openmrs.module.metadatasharing.Item id="246" uuid="125290BBBBBBBBBBBBBBBBBBBBBBBBBBBBBB">
      <id>125290</id>
      <classname>org.openmrs.ConceptName</classname>
      <dateChanged id="247">2013-12-28 01:52:57</dateChanged>
    </org.openmrs.module.metadatasharing.Item>
    <org.openmrs.module.metadatasharing.Item id="248" uuid="109566BBBBBBBBBBBBBBBBBBBBBBBBBBBBBB">
      <id>109566</id>
      <classname>org.openmrs.ConceptName</classname>
      <dateChanged id="249">2012-07-16 05:35:23</dateChanged>
    </org.openmrs.module.metadatasharing.Item>
    <org.openmrs.module.metadatasharing.Item id="250" uuid="109568BBBBBBBBBBBBBBBBBBBBBBBBBBBBBB">
      <id>109568</id>
      <classname>org.openmrs.ConceptName</classname>
      <dateChanged id="251">2012-07-16 05:35:23</dateChanged>
    </org.openmrs.module.metadatasharing.Item>
    <org.openmrs.module.metadatasharing.Item id="252" uuid="145042ABBBBBBBBBBBBBBBBBBBBBBBBBBBBB">
      <id>145042</id>
      <classname>org.openmrs.ConceptMap</classname>
      <dateChanged id="253">2012-07-16 05:35:23</dateChanged>
    </org.openmrs.module.metadatasharing.Item>
    <org.openmrs.module.metadatasharing.Item id="254" uuid="464cad49-6b28-39d9-807a-4b4f3aa12889">
      <id>145042</id>
      <classname>org.openmrs.ConceptReferenceTerm</classname>
      <dateChanged id="255">2012-07-16 04:00:00</dateChanged>
      <retired>false</retired>
    </org.openmrs.module.metadatasharing.Item>
    <org.openmrs.module.metadatasharing.Item id="256" uuid="217984ABBBBBBBBBBBBBBBBBBBBBBBBBBBBB">
      <id>217984</id>
      <classname>org.openmrs.ConceptMap</classname>
      <dateChanged id="257">2013-07-03 22:53:08</dateChanged>
    </org.openmrs.module.metadatasharing.Item>
    <org.openmrs.module.metadatasharing.Item id="258" uuid="aed0fbaf-1beb-367f-8376-19316f656478">
      <id>217984</id>
      <classname>org.openmrs.ConceptReferenceTerm</classname>
      <dateChanged id="259">2013-07-03 04:00:00</dateChanged>
      <retired>false</retired>
    </org.openmrs.module.metadatasharing.Item>
    <org.openmrs.module.metadatasharing.Item id="260" uuid="125296BBBBBBBBBBBBBBBBBBBBBBBBBBBBBB">
      <id>125296</id>
      <classname>org.openmrs.ConceptName</classname>
      <dateChanged id="261">2013-12-28 01:55:31</dateChanged>
    </org.openmrs.module.metadatasharing.Item>
    <org.openmrs.module.metadatasharing.Item id="262" uuid="125297BBBBBBBBBBBBBBBBBBBBBBBBBBBBBB">
      <id>125297</id>
      <classname>org.openmrs.ConceptName</classname>
      <dateChanged id="263">2013-12-28 01:55:31</dateChanged>
    </org.openmrs.module.metadatasharing.Item>
    <org.openmrs.module.metadatasharing.Item id="264" uuid="109585BBBBBBBBBBBBBBBBBBBBBBBBBBBBBB">
      <id>109585</id>
      <classname>org.openmrs.ConceptName</classname>
      <dateChanged id="265">2012-07-16 05:43:28</dateChanged>
    </org.openmrs.module.metadatasharing.Item>
    <org.openmrs.module.metadatasharing.Item id="266" uuid="109586BBBBBBBBBBBBBBBBBBBBBBBBBBBBBB">
      <id>109586</id>
      <classname>org.openmrs.ConceptName</classname>
      <dateChanged id="267">2012-07-16 05:43:28</dateChanged>
    </org.openmrs.module.metadatasharing.Item>
    <org.openmrs.module.metadatasharing.Item id="268" uuid="109587BBBBBBBBBBBBBBBBBBBBBBBBBBBBBB">
      <id>109587</id>
      <classname>org.openmrs.ConceptName</classname>
      <dateChanged id="269">2012-07-16 05:43:28</dateChanged>
    </org.openmrs.module.metadatasharing.Item>
    <org.openmrs.module.metadatasharing.Item id="270" uuid="145048ABBBBBBBBBBBBBBBBBBBBBBBBBBBBB">
      <id>145048</id>
      <classname>org.openmrs.ConceptMap</classname>
      <dateChanged id="271">2012-07-16 05:43:28</dateChanged>
    </org.openmrs.module.metadatasharing.Item>
    <org.openmrs.module.metadatasharing.Item id="272" uuid="0ce6b16b-f8f9-31ac-9a3f-982e1fa93c09">
      <id>145048</id>
      <classname>org.openmrs.ConceptReferenceTerm</classname>
      <dateChanged id="273">2012-07-16 04:00:00</dateChanged>
      <retired>false</retired>
    </org.openmrs.module.metadatasharing.Item>
    <org.openmrs.module.metadatasharing.Item id="274" uuid="217990ABBBBBBBBBBBBBBBBBBBBBBBBBBBBB">
      <id>217990</id>
      <classname>org.openmrs.ConceptMap</classname>
      <dateChanged id="275">2013-07-03 22:53:08</dateChanged>
    </org.openmrs.module.metadatasharing.Item>
    <org.openmrs.module.metadatasharing.Item id="276" uuid="34eb58ed-4b18-36d5-a316-8c09dce73154">
      <id>217990</id>
      <classname>org.openmrs.ConceptReferenceTerm</classname>
      <dateChanged id="277">2013-07-03 04:00:00</dateChanged>
      <retired>false</retired>
    </org.openmrs.module.metadatasharing.Item>
    <org.openmrs.module.metadatasharing.Item id="278" uuid="125269BBBBBBBBBBBBBBBBBBBBBBBBBBBBBB">
      <id>125269</id>
      <classname>org.openmrs.ConceptName</classname>
      <dateChanged id="279">2013-12-09 05:26:12</dateChanged>
    </org.openmrs.module.metadatasharing.Item>
    <org.openmrs.module.metadatasharing.Item id="280" uuid="125236BBBBBBBBBBBBBBBBBBBBBBBBBBBBBB">
      <id>125236</id>
      <classname>org.openmrs.ConceptName</classname>
      <dateChanged id="281">2013-12-09 04:56:28</dateChanged>
    </org.openmrs.module.metadatasharing.Item>
    <org.openmrs.module.metadatasharing.Item id="282" uuid="125235BBBBBBBBBBBBBBBBBBBBBBBBBBBBBB">
      <id>125235</id>
      <classname>org.openmrs.ConceptName</classname>
      <dateChanged id="283">2013-12-09 04:56:28</dateChanged>
    </org.openmrs.module.metadatasharing.Item>
    <org.openmrs.module.metadatasharing.Item id="284" uuid="274968ABBBBBBBBBBBBBBBBBBBBBBBBBBBBB">
      <id>274968</id>
      <classname>org.openmrs.ConceptMap</classname>
      <dateChanged id="285">2013-12-09 04:56:28</dateChanged>
    </org.openmrs.module.metadatasharing.Item>
    <org.openmrs.module.metadatasharing.Item id="286" uuid="9585cb3a-0236-3c8d-becb-713edb107f4f">
      <id>274968</id>
      <classname>org.openmrs.ConceptReferenceTerm</classname>
      <dateChanged id="287">2013-12-08 05:00:00</dateChanged>
      <retired>false</retired>
    </org.openmrs.module.metadatasharing.Item>
    <org.openmrs.module.metadatasharing.Item id="288" uuid="274969ABBBBBBBBBBBBBBBBBBBBBBBBBBBBB">
      <id>274969</id>
      <classname>org.openmrs.ConceptMap</classname>
      <dateChanged id="289">2013-12-09 04:56:38</dateChanged>
    </org.openmrs.module.metadatasharing.Item>
    <org.openmrs.module.metadatasharing.Item id="290" uuid="f604af0a-7c53-33d1-8288-d16cefd2559a">
      <id>274969</id>
      <classname>org.openmrs.ConceptReferenceTerm</classname>
      <dateChanged id="291">2013-12-08 05:00:00</dateChanged>
      <retired>false</retired>
    </org.openmrs.module.metadatasharing.Item>
    <org.openmrs.module.metadatasharing.Item id="292" uuid="125273BBBBBBBBBBBBBBBBBBBBBBBBBBBBBB">
      <id>125273</id>
      <classname>org.openmrs.ConceptName</classname>
      <dateChanged id="293">2013-12-09 05:27:25</dateChanged>
    </org.openmrs.module.metadatasharing.Item>
    <org.openmrs.module.metadatasharing.Item id="294" uuid="125248BBBBBBBBBBBBBBBBBBBBBBBBBBBBBB">
      <id>125248</id>
      <classname>org.openmrs.ConceptName</classname>
      <dateChanged id="295">2013-12-09 05:03:02</dateChanged>
    </org.openmrs.module.metadatasharing.Item>
    <org.openmrs.module.metadatasharing.Item id="296" uuid="125247BBBBBBBBBBBBBBBBBBBBBBBBBBBBBB">
      <id>125247</id>
      <classname>org.openmrs.ConceptName</classname>
      <dateChanged id="297">2013-12-09 05:03:02</dateChanged>
    </org.openmrs.module.metadatasharing.Item>
    <org.openmrs.module.metadatasharing.Item id="298" uuid="274981ABBBBBBBBBBBBBBBBBBBBBBBBBBBBB">
      <id>274981</id>
      <classname>org.openmrs.ConceptMap</classname>
      <dateChanged id="299">2013-12-09 05:03:10</dateChanged>
    </org.openmrs.module.metadatasharing.Item>
    <org.openmrs.module.metadatasharing.Item id="300" uuid="94c6034f-84bc-30e1-8057-c72aa198a23f">
      <id>274981</id>
      <classname>org.openmrs.ConceptReferenceTerm</classname>
      <dateChanged id="301">2013-12-09 05:00:00</dateChanged>
      <retired>false</retired>
    </org.openmrs.module.metadatasharing.Item>
    <org.openmrs.module.metadatasharing.Item id="302" uuid="274980ABBBBBBBBBBBBBBBBBBBBBBBBBBBBB">
      <id>274980</id>
      <classname>org.openmrs.ConceptMap</classname>
      <dateChanged id="303">2013-12-09 05:03:02</dateChanged>
    </org.openmrs.module.metadatasharing.Item>
    <org.openmrs.module.metadatasharing.Item id="304" uuid="62718bbe-d8bb-3ae2-b234-cfd9b89f6138">
      <id>274980</id>
      <classname>org.openmrs.ConceptReferenceTerm</classname>
      <dateChanged id="305">2013-12-09 05:00:00</dateChanged>
      <retired>false</retired>
    </org.openmrs.module.metadatasharing.Item>
    <org.openmrs.module.metadatasharing.Item id="306" uuid="125249BBBBBBBBBBBBBBBBBBBBBBBBBBBBBB">
      <id>125249</id>
      <classname>org.openmrs.ConceptName</classname>
      <dateChanged id="307">2013-12-09 05:04:05</dateChanged>
    </org.openmrs.module.metadatasharing.Item>
    <org.openmrs.module.metadatasharing.Item id="308" uuid="125250BBBBBBBBBBBBBBBBBBBBBBBBBBBBBB">
      <id>125250</id>
      <classname>org.openmrs.ConceptName</classname>
      <dateChanged id="309">2013-12-09 05:04:05</dateChanged>
    </org.openmrs.module.metadatasharing.Item>
    <org.openmrs.module.metadatasharing.Item id="310" uuid="125274BBBBBBBBBBBBBBBBBBBBBBBBBBBBBB">
      <id>125274</id>
      <classname>org.openmrs.ConceptName</classname>
      <dateChanged id="311">2013-12-09 05:27:47</dateChanged>
    </org.openmrs.module.metadatasharing.Item>
    <org.openmrs.module.metadatasharing.Item id="312" uuid="274983ABBBBBBBBBBBBBBBBBBBBBBBBBBBBB">
      <id>274983</id>
      <classname>org.openmrs.ConceptMap</classname>
      <dateChanged id="313">2013-12-09 05:04:14</dateChanged>
    </org.openmrs.module.metadatasharing.Item>
    <org.openmrs.module.metadatasharing.Item id="314" uuid="cd354aff-69d6-3ea7-b653-062cdc76bf09">
      <id>274983</id>
      <classname>org.openmrs.ConceptReferenceTerm</classname>
      <dateChanged id="315">2013-12-09 05:00:00</dateChanged>
      <retired>false</retired>
    </org.openmrs.module.metadatasharing.Item>
    <org.openmrs.module.metadatasharing.Item id="316" uuid="274982ABBBBBBBBBBBBBBBBBBBBBBBBBBBBB">
      <id>274982</id>
      <classname>org.openmrs.ConceptMap</classname>
      <dateChanged id="317">2013-12-09 05:04:05</dateChanged>
    </org.openmrs.module.metadatasharing.Item>
    <org.openmrs.module.metadatasharing.Item id="318" uuid="fbff0abb-f668-3d28-878d-3a19fe850481">
      <id>274982</id>
      <classname>org.openmrs.ConceptReferenceTerm</classname>
      <dateChanged id="319">2013-12-09 05:00:00</dateChanged>
      <retired>false</retired>
    </org.openmrs.module.metadatasharing.Item>
    <org.openmrs.module.metadatasharing.Item id="320" uuid="109575BBBBBBBBBBBBBBBBBBBBBBBBBBBBBB">
      <id>109575</id>
      <classname>org.openmrs.ConceptName</classname>
      <dateChanged id="321">2012-07-16 05:38:07</dateChanged>
    </org.openmrs.module.metadatasharing.Item>
    <org.openmrs.module.metadatasharing.Item id="322" uuid="125293BBBBBBBBBBBBBBBBBBBBBBBBBBBBBB">
      <id>125293</id>
      <classname>org.openmrs.ConceptName</classname>
      <dateChanged id="323">2013-12-28 01:53:43</dateChanged>
    </org.openmrs.module.metadatasharing.Item>
    <org.openmrs.module.metadatasharing.Item id="324" uuid="109576BBBBBBBBBBBBBBBBBBBBBBBBBBBBBB">
      <id>109576</id>
      <classname>org.openmrs.ConceptName</classname>
      <dateChanged id="325">2012-07-16 05:38:07</dateChanged>
    </org.openmrs.module.metadatasharing.Item>
    <org.openmrs.module.metadatasharing.Item id="326" uuid="109577BBBBBBBBBBBBBBBBBBBBBBBBBBBBBB">
      <id>109577</id>
      <classname>org.openmrs.ConceptName</classname>
      <dateChanged id="327">2012-07-16 05:38:07</dateChanged>
    </org.openmrs.module.metadatasharing.Item>
    <org.openmrs.module.metadatasharing.Item id="328" uuid="145045ABBBBBBBBBBBBBBBBBBBBBBBBBBBBB">
      <id>145045</id>
      <classname>org.openmrs.ConceptMap</classname>
      <dateChanged id="329">2012-07-16 05:38:07</dateChanged>
    </org.openmrs.module.metadatasharing.Item>
    <org.openmrs.module.metadatasharing.Item id="330" uuid="7c02fa26-712e-32cc-bdf3-aeb149d991a0">
      <id>145045</id>
      <classname>org.openmrs.ConceptReferenceTerm</classname>
      <dateChanged id="331">2012-07-16 04:00:00</dateChanged>
      <retired>false</retired>
    </org.openmrs.module.metadatasharing.Item>
    <org.openmrs.module.metadatasharing.Item id="332" uuid="217987ABBBBBBBBBBBBBBBBBBBBBBBBBBBBB">
      <id>217987</id>
      <classname>org.openmrs.ConceptMap</classname>
      <dateChanged id="333">2013-07-03 22:53:08</dateChanged>
    </org.openmrs.module.metadatasharing.Item>
    <org.openmrs.module.metadatasharing.Item id="334" uuid="b3d261a3-58e3-313d-bcdb-cf9f9cf94e0a">
      <id>217987</id>
      <classname>org.openmrs.ConceptReferenceTerm</classname>
      <dateChanged id="335">2013-07-03 04:00:00</dateChanged>
      <retired>false</retired>
    </org.openmrs.module.metadatasharing.Item>
    <org.openmrs.module.metadatasharing.Item id="336" uuid="109545BBBBBBBBBBBBBBBBBBBBBBBBBBBBBB">
      <id>109545</id>
      <classname>org.openmrs.ConceptName</classname>
      <dateChanged id="337">2012-07-16 05:25:05</dateChanged>
    </org.openmrs.module.metadatasharing.Item>
    <org.openmrs.module.metadatasharing.Item id="338" uuid="125283BBBBBBBBBBBBBBBBBBBBBBBBBBBBBB">
      <id>125283</id>
      <classname>org.openmrs.ConceptName</classname>
      <dateChanged id="339">2013-12-28 01:49:29</dateChanged>
    </org.openmrs.module.metadatasharing.Item>
    <org.openmrs.module.metadatasharing.Item id="340" uuid="109544BBBBBBBBBBBBBBBBBBBBBBBBBBBBBB">
      <id>109544</id>
      <classname>org.openmrs.ConceptName</classname>
      <dateChanged id="341">2012-07-16 05:25:05</dateChanged>
    </org.openmrs.module.metadatasharing.Item>
    <org.openmrs.module.metadatasharing.Item id="342" uuid="109546BBBBBBBBBBBBBBBBBBBBBBBBBBBBBB">
      <id>109546</id>
      <classname>org.openmrs.ConceptName</classname>
      <dateChanged id="343">2012-07-16 05:25:05</dateChanged>
    </org.openmrs.module.metadatasharing.Item>
    <org.openmrs.module.metadatasharing.Item id="344" uuid="145035ABBBBBBBBBBBBBBBBBBBBBBBBBBBBB">
      <id>145035</id>
      <classname>org.openmrs.ConceptMap</classname>
      <dateChanged id="345">2012-07-16 05:25:05</dateChanged>
    </org.openmrs.module.metadatasharing.Item>
    <org.openmrs.module.metadatasharing.Item id="346" uuid="217977ABBBBBBBBBBBBBBBBBBBBBBBBBBBBB">
      <id>217977</id>
      <classname>org.openmrs.ConceptMap</classname>
      <dateChanged id="347">2013-07-03 22:53:08</dateChanged>
    </org.openmrs.module.metadatasharing.Item>
    <org.openmrs.module.metadatasharing.Item id="348" uuid="62bdde6b-8568-3179-b650-1e11d49024f6">
      <id>217977</id>
      <classname>org.openmrs.ConceptReferenceTerm</classname>
      <dateChanged id="349">2013-07-03 04:00:00</dateChanged>
      <retired>false</retired>
    </org.openmrs.module.metadatasharing.Item>
    <org.openmrs.module.metadatasharing.Item id="350" uuid="109542BBBBBBBBBBBBBBBBBBBBBBBBBBBBBB">
      <id>109542</id>
      <classname>org.openmrs.ConceptName</classname>
      <dateChanged id="351">2012-07-16 05:24:20</dateChanged>
    </org.openmrs.module.metadatasharing.Item>
    <org.openmrs.module.metadatasharing.Item id="352" uuid="109541BBBBBBBBBBBBBBBBBBBBBBBBBBBBBB">
      <id>109541</id>
      <classname>org.openmrs.ConceptName</classname>
      <dateChanged id="353">2012-07-16 05:24:20</dateChanged>
    </org.openmrs.module.metadatasharing.Item>
    <org.openmrs.module.metadatasharing.Item id="354" uuid="125228BBBBBBBBBBBBBBBBBBBBBBBBBBBBBB">
      <id>125228</id>
      <classname>org.openmrs.ConceptName</classname>
      <dateChanged id="355">2013-12-09 04:46:13</dateChanged>
    </org.openmrs.module.metadatasharing.Item>
    <org.openmrs.module.metadatasharing.Item id="356" uuid="125282BBBBBBBBBBBBBBBBBBBBBBBBBBBBBB">
      <id>125282</id>
      <classname>org.openmrs.ConceptName</classname>
      <dateChanged id="357">2013-12-28 01:49:04</dateChanged>
    </org.openmrs.module.metadatasharing.Item>
    <org.openmrs.module.metadatasharing.Item id="358" uuid="109543BBBBBBBBBBBBBBBBBBBBBBBBBBBBBB">
      <id>109543</id>
      <classname>org.openmrs.ConceptName</classname>
      <dateChanged id="359">2012-07-16 05:24:20</dateChanged>
    </org.openmrs.module.metadatasharing.Item>
    <org.openmrs.module.metadatasharing.Item id="360" uuid="145034ABBBBBBBBBBBBBBBBBBBBBBBBBBBBB">
      <id>145034</id>
      <classname>org.openmrs.ConceptMap</classname>
      <dateChanged id="361">2012-07-16 05:24:20</dateChanged>
    </org.openmrs.module.metadatasharing.Item>
    <org.openmrs.module.metadatasharing.Item id="362" uuid="78d79058-2759-38bb-87a0-92c83c82d0f6">
      <id>145034</id>
      <classname>org.openmrs.ConceptReferenceTerm</classname>
      <dateChanged id="363">2012-07-16 04:00:00</dateChanged>
      <retired>false</retired>
    </org.openmrs.module.metadatasharing.Item>
    <org.openmrs.module.metadatasharing.Item id="364" uuid="217976ABBBBBBBBBBBBBBBBBBBBBBBBBBBBB">
      <id>217976</id>
      <classname>org.openmrs.ConceptMap</classname>
      <dateChanged id="365">2013-07-03 22:53:08</dateChanged>
    </org.openmrs.module.metadatasharing.Item>
    <org.openmrs.module.metadatasharing.Item id="366" uuid="fa63f59d-fa4e-3ba8-a7a3-a27de84bb09c">
      <id>217976</id>
      <classname>org.openmrs.ConceptReferenceTerm</classname>
      <dateChanged id="367">2013-07-03 04:00:00</dateChanged>
      <retired>false</retired>
    </org.openmrs.module.metadatasharing.Item>
    <org.openmrs.module.metadatasharing.Item id="368" uuid="125232BBBBBBBBBBBBBBBBBBBBBBBBBBBBBB">
      <id>125232</id>
      <classname>org.openmrs.ConceptName</classname>
      <dateChanged id="369">2013-12-09 04:55:42</dateChanged>
    </org.openmrs.module.metadatasharing.Item>
    <org.openmrs.module.metadatasharing.Item id="370" uuid="125234BBBBBBBBBBBBBBBBBBBBBBBBBBBBBB">
      <id>125234</id>
      <classname>org.openmrs.ConceptName</classname>
      <dateChanged id="371">2013-12-09 04:55:42</dateChanged>
    </org.openmrs.module.metadatasharing.Item>
    <org.openmrs.module.metadatasharing.Item id="372" uuid="125233BBBBBBBBBBBBBBBBBBBBBBBBBBBBBB">
      <id>125233</id>
      <classname>org.openmrs.ConceptName</classname>
      <dateChanged id="373">2013-12-09 04:55:42</dateChanged>
    </org.openmrs.module.metadatasharing.Item>
    <org.openmrs.module.metadatasharing.Item id="374" uuid="274966ABBBBBBBBBBBBBBBBBBBBBBBBBBBBB">
      <id>274966</id>
      <classname>org.openmrs.ConceptMap</classname>
      <dateChanged id="375">2013-12-09 04:55:42</dateChanged>
    </org.openmrs.module.metadatasharing.Item>
    <org.openmrs.module.metadatasharing.Item id="376" uuid="6d700aea-c2d5-380e-814b-272a78e4c7cc">
      <id>274966</id>
      <classname>org.openmrs.ConceptReferenceTerm</classname>
      <dateChanged id="377">2013-12-08 05:00:00</dateChanged>
      <retired>false</retired>
    </org.openmrs.module.metadatasharing.Item>
    <org.openmrs.module.metadatasharing.Item id="378" uuid="274967ABBBBBBBBBBBBBBBBBBBBBBBBBBBBB">
      <id>274967</id>
      <classname>org.openmrs.ConceptMap</classname>
      <dateChanged id="379">2013-12-09 04:55:51</dateChanged>
    </org.openmrs.module.metadatasharing.Item>
    <org.openmrs.module.metadatasharing.Item id="380" uuid="f49cb49b-e40f-3fb8-9f09-b949c8558412">
      <id>274967</id>
      <classname>org.openmrs.ConceptReferenceTerm</classname>
      <dateChanged id="381">2013-12-08 05:00:00</dateChanged>
      <retired>false</retired>
    </org.openmrs.module.metadatasharing.Item>
    <org.openmrs.module.metadatasharing.Item id="382" uuid="109552BBBBBBBBBBBBBBBBBBBBBBBBBBBBBB">
      <id>109552</id>
      <classname>org.openmrs.ConceptName</classname>
      <dateChanged id="383">2012-07-16 05:26:48</dateChanged>
    </org.openmrs.module.metadatasharing.Item>
    <org.openmrs.module.metadatasharing.Item id="384" uuid="125285BBBBBBBBBBBBBBBBBBBBBBBBBBBBBB">
      <id>125285</id>
      <classname>org.openmrs.ConceptName</classname>
      <dateChanged id="385">2013-12-28 01:50:43</dateChanged>
    </org.openmrs.module.metadatasharing.Item>
    <org.openmrs.module.metadatasharing.Item id="386" uuid="109550BBBBBBBBBBBBBBBBBBBBBBBBBBBBBB">
      <id>109550</id>
      <classname>org.openmrs.ConceptName</classname>
      <dateChanged id="387">2012-07-16 05:26:48</dateChanged>
    </org.openmrs.module.metadatasharing.Item>
    <org.openmrs.module.metadatasharing.Item id="388" uuid="109551BBBBBBBBBBBBBBBBBBBBBBBBBBBBBB">
      <id>109551</id>
      <classname>org.openmrs.ConceptName</classname>
      <dateChanged id="389">2012-07-16 05:26:48</dateChanged>
    </org.openmrs.module.metadatasharing.Item>
    <org.openmrs.module.metadatasharing.Item id="390" uuid="217979ABBBBBBBBBBBBBBBBBBBBBBBBBBBBB">
      <id>217979</id>
      <classname>org.openmrs.ConceptMap</classname>
      <dateChanged id="391">2013-07-03 22:53:08</dateChanged>
    </org.openmrs.module.metadatasharing.Item>
    <org.openmrs.module.metadatasharing.Item id="392" uuid="45a860b5-c05a-31cd-9939-64d676ea7c57">
      <id>217979</id>
      <classname>org.openmrs.ConceptReferenceTerm</classname>
      <dateChanged id="393">2013-07-03 04:00:00</dateChanged>
      <retired>false</retired>
    </org.openmrs.module.metadatasharing.Item>
    <org.openmrs.module.metadatasharing.Item id="394" uuid="145037ABBBBBBBBBBBBBBBBBBBBBBBBBBBBB">
      <id>145037</id>
      <classname>org.openmrs.ConceptMap</classname>
      <dateChanged id="395">2012-07-16 05:26:48</dateChanged>
    </org.openmrs.module.metadatasharing.Item>
    <org.openmrs.module.metadatasharing.Item id="396" uuid="715e405e-8205-3401-8d86-c245ea11ddc2">
      <id>145037</id>
      <classname>org.openmrs.ConceptReferenceTerm</classname>
      <dateChanged id="397">2012-07-16 04:00:00</dateChanged>
      <retired>false</retired>
    </org.openmrs.module.metadatasharing.Item>
    <org.openmrs.module.metadatasharing.Item id="398" uuid="125252BBBBBBBBBBBBBBBBBBBBBBBBBBBBBB">
      <id>125252</id>
      <classname>org.openmrs.ConceptName</classname>
      <dateChanged id="399">2013-12-09 05:05:16</dateChanged>
    </org.openmrs.module.metadatasharing.Item>
    <org.openmrs.module.metadatasharing.Item id="400" uuid="125275BBBBBBBBBBBBBBBBBBBBBBBBBBBBBB">
      <id>125275</id>
      <classname>org.openmrs.ConceptName</classname>
      <dateChanged id="401">2013-12-09 05:28:05</dateChanged>
    </org.openmrs.module.metadatasharing.Item>
    <org.openmrs.module.metadatasharing.Item id="402" uuid="125251BBBBBBBBBBBBBBBBBBBBBBBBBBBBBB">
      <id>125251</id>
      <classname>org.openmrs.ConceptName</classname>
      <dateChanged id="403">2013-12-09 05:05:16</dateChanged>
    </org.openmrs.module.metadatasharing.Item>
    <org.openmrs.module.metadatasharing.Item id="404" uuid="274985ABBBBBBBBBBBBBBBBBBBBBBBBBBBBB">
      <id>274985</id>
      <classname>org.openmrs.ConceptMap</classname>
      <dateChanged id="405">2013-12-09 05:05:24</dateChanged>
    </org.openmrs.module.metadatasharing.Item>
    <org.openmrs.module.metadatasharing.Item id="406" uuid="e5b2e451-f0c4-36e4-99ce-c674cb9ba289">
      <id>274985</id>
      <classname>org.openmrs.ConceptReferenceTerm</classname>
      <dateChanged id="407">2013-12-09 05:00:00</dateChanged>
      <retired>false</retired>
    </org.openmrs.module.metadatasharing.Item>
    <org.openmrs.module.metadatasharing.Item id="408" uuid="274984ABBBBBBBBBBBBBBBBBBBBBBBBBBBBB">
      <id>274984</id>
      <classname>org.openmrs.ConceptMap</classname>
      <dateChanged id="409">2013-12-09 05:05:16</dateChanged>
    </org.openmrs.module.metadatasharing.Item>
    <org.openmrs.module.metadatasharing.Item id="410" uuid="125258BBBBBBBBBBBBBBBBBBBBBBBBBBBBBB">
      <id>125258</id>
      <classname>org.openmrs.ConceptName</classname>
      <dateChanged id="411">2013-12-09 05:09:00</dateChanged>
    </org.openmrs.module.metadatasharing.Item>
    <org.openmrs.module.metadatasharing.Item id="412" uuid="1172BBBBBBBBBBBBBBBBBBBBBBBBBBBBBBBB">
      <id>1172</id>
      <classname>org.openmrs.ConceptName</classname>
      <dateChanged id="413">2005-01-12 05:00:00</dateChanged>
    </org.openmrs.module.metadatasharing.Item>
    <org.openmrs.module.metadatasharing.Item id="414" uuid="125280BBBBBBBBBBBBBBBBBBBBBBBBBBBBBB">
      <id>125280</id>
      <classname>org.openmrs.ConceptName</classname>
      <dateChanged id="415">2013-12-28 01:47:37</dateChanged>
    </org.openmrs.module.metadatasharing.Item>
    <org.openmrs.module.metadatasharing.Item id="416" uuid="1101FFFFFFFFFFFFFFFFFFFFFFFFFFFFFFFF">
      <id>1101</id>
      <classname>org.openmrs.ConceptDescription</classname>
      <dateChanged id="417">2013-12-28 01:47:37</dateChanged>
    </org.openmrs.module.metadatasharing.Item>
    <org.openmrs.module.metadatasharing.Item id="418" uuid="133851ABBBBBBBBBBBBBBBBBBBBBBBBBBBBB">
      <id>133851</id>
      <classname>org.openmrs.ConceptMap</classname>
      <dateChanged id="419">2010-10-01 23:49:47</dateChanged>
    </org.openmrs.module.metadatasharing.Item>
    <org.openmrs.module.metadatasharing.Item id="420" uuid="34f4bc43-d96c-3255-8c03-f7e1fa2566ac">
      <id>133851</id>
      <classname>org.openmrs.ConceptReferenceTerm</classname>
      <dateChanged id="421">2010-10-01 04:00:00</dateChanged>
      <retired>false</retired>
    </org.openmrs.module.metadatasharing.Item>
    <org.openmrs.module.metadatasharing.Item id="422" uuid="134770ABBBBBBBBBBBBBBBBBBBBBBBBBBBBB">
      <id>134770</id>
      <classname>org.openmrs.ConceptMap</classname>
      <dateChanged id="423">2010-10-24 17:09:59</dateChanged>
    </org.openmrs.module.metadatasharing.Item>
    <org.openmrs.module.metadatasharing.Item id="424" uuid="dfdef8f8-db33-3af8-8348-125885b00f68">
      <id>134770</id>
      <classname>org.openmrs.ConceptReferenceTerm</classname>
      <dateChanged id="425">2010-10-24 04:00:00</dateChanged>
      <retired>false</retired>
    </org.openmrs.module.metadatasharing.Item>
    <org.openmrs.module.metadatasharing.Item id="426" uuid="171361ABBBBBBBBBBBBBBBBBBBBBBBBBBBBB">
      <id>171361</id>
      <classname>org.openmrs.ConceptMap</classname>
      <dateChanged id="427">2013-07-03 22:53:08</dateChanged>
    </org.openmrs.module.metadatasharing.Item>
    <org.openmrs.module.metadatasharing.Item id="428" uuid="f317b288-6869-3a81-aba2-8368a81dc9e6">
      <id>171361</id>
      <classname>org.openmrs.ConceptReferenceTerm</classname>
      <dateChanged id="429">2013-07-03 04:00:00</dateChanged>
      <retired>false</retired>
    </org.openmrs.module.metadatasharing.Item>
    <org.openmrs.module.metadatasharing.Item id="430" uuid="124907BBBBBBBBBBBBBBBBBBBBBBBBBBBBBB">
      <id>124907</id>
      <classname>org.openmrs.ConceptName</classname>
      <dateChanged id="431">2013-09-10 17:33:37</dateChanged>
    </org.openmrs.module.metadatasharing.Item>
    <org.openmrs.module.metadatasharing.Item id="432" uuid="125298BBBBBBBBBBBBBBBBBBBBBBBBBBBBBB">
      <id>125298</id>
      <classname>org.openmrs.ConceptName</classname>
      <dateChanged id="433">2013-12-28 01:56:35</dateChanged>
    </org.openmrs.module.metadatasharing.Item>
    <org.openmrs.module.metadatasharing.Item id="434" uuid="124906BBBBBBBBBBBBBBBBBBBBBBBBBBBBBB">
      <id>124906</id>
      <classname>org.openmrs.ConceptName</classname>
      <dateChanged id="435">2013-09-10 17:33:37</dateChanged>
    </org.openmrs.module.metadatasharing.Item>
    <org.openmrs.module.metadatasharing.Item id="436" uuid="237146ABBBBBBBBBBBBBBBBBBBBBBBBBBBBB">
      <id>237146</id>
      <classname>org.openmrs.ConceptMap</classname>
      <dateChanged id="437">2013-09-10 17:33:52</dateChanged>
    </org.openmrs.module.metadatasharing.Item>
    <org.openmrs.module.metadatasharing.Item id="438" uuid="6a8b8072-0952-3429-aed1-942b6d024806">
      <id>237146</id>
      <classname>org.openmrs.ConceptReferenceTerm</classname>
      <dateChanged id="439">2013-09-10 04:00:00</dateChanged>
      <retired>false</retired>
    </org.openmrs.module.metadatasharing.Item>
    <org.openmrs.module.metadatasharing.Item id="440" uuid="237145ABBBBBBBBBBBBBBBBBBBBBBBBBBBBB">
      <id>237145</id>
      <classname>org.openmrs.ConceptMap</classname>
      <dateChanged id="441">2013-09-10 17:33:37</dateChanged>
    </org.openmrs.module.metadatasharing.Item>
    <org.openmrs.module.metadatasharing.Item id="442" uuid="b6a6c135-eb75-339d-a227-68035f0dd076">
      <id>237145</id>
      <classname>org.openmrs.ConceptReferenceTerm</classname>
      <dateChanged id="443">2013-09-10 04:00:00</dateChanged>
      <retired>false</retired>
    </org.openmrs.module.metadatasharing.Item>
    <org.openmrs.module.metadatasharing.Item id="444" uuid="125239BBBBBBBBBBBBBBBBBBBBBBBBBBBBBB">
      <id>125239</id>
      <classname>org.openmrs.ConceptName</classname>
      <dateChanged id="445">2013-12-09 04:58:12</dateChanged>
    </org.openmrs.module.metadatasharing.Item>
    <org.openmrs.module.metadatasharing.Item id="446" uuid="125240BBBBBBBBBBBBBBBBBBBBBBBBBBBBBB">
      <id>125240</id>
      <classname>org.openmrs.ConceptName</classname>
      <dateChanged id="447">2013-12-09 04:58:12</dateChanged>
    </org.openmrs.module.metadatasharing.Item>
    <org.openmrs.module.metadatasharing.Item id="448" uuid="125267BBBBBBBBBBBBBBBBBBBBBBBBBBBBBB">
      <id>125267</id>
      <classname>org.openmrs.ConceptName</classname>
      <dateChanged id="449">2013-12-09 05:25:49</dateChanged>
    </org.openmrs.module.metadatasharing.Item>
    <org.openmrs.module.metadatasharing.Item id="450" uuid="274973ABBBBBBBBBBBBBBBBBBBBBBBBBBBBB">
      <id>274973</id>
      <classname>org.openmrs.ConceptMap</classname>
      <dateChanged id="451">2013-12-09 04:58:21</dateChanged>
    </org.openmrs.module.metadatasharing.Item>
    <org.openmrs.module.metadatasharing.Item id="452" uuid="0c40626d-8452-391a-baad-60a58945fcc0">
      <id>274973</id>
      <classname>org.openmrs.ConceptReferenceTerm</classname>
      <dateChanged id="453">2013-12-08 05:00:00</dateChanged>
      <retired>false</retired>
    </org.openmrs.module.metadatasharing.Item>
    <org.openmrs.module.metadatasharing.Item id="454" uuid="274972ABBBBBBBBBBBBBBBBBBBBBBBBBBBBB">
      <id>274972</id>
      <classname>org.openmrs.ConceptMap</classname>
      <dateChanged id="455">2013-12-09 04:58:12</dateChanged>
    </org.openmrs.module.metadatasharing.Item>
    <org.openmrs.module.metadatasharing.Item id="456" uuid="f7bcc4ad-2b66-34cf-9d22-185381c362ea">
      <id>274972</id>
      <classname>org.openmrs.ConceptReferenceTerm</classname>
      <dateChanged id="457">2013-12-08 05:00:00</dateChanged>
      <retired>false</retired>
    </org.openmrs.module.metadatasharing.Item>
    <org.openmrs.module.metadatasharing.Item id="458" uuid="125287BBBBBBBBBBBBBBBBBBBBBBBBBBBBBB">
      <id>125287</id>
      <classname>org.openmrs.ConceptName</classname>
      <dateChanged id="459">2013-12-28 01:51:52</dateChanged>
    </org.openmrs.module.metadatasharing.Item>
    <org.openmrs.module.metadatasharing.Item id="460" uuid="109558BBBBBBBBBBBBBBBBBBBBBBBBBBBBBB">
      <id>109558</id>
      <classname>org.openmrs.ConceptName</classname>
      <dateChanged id="461">2012-07-16 05:32:24</dateChanged>
    </org.openmrs.module.metadatasharing.Item>
    <org.openmrs.module.metadatasharing.Item id="462" uuid="109557BBBBBBBBBBBBBBBBBBBBBBBBBBBBBB">
      <id>109557</id>
      <classname>org.openmrs.ConceptName</classname>
      <dateChanged id="463">2012-07-16 05:32:24</dateChanged>
    </org.openmrs.module.metadatasharing.Item>
    <org.openmrs.module.metadatasharing.Item id="464" uuid="109559BBBBBBBBBBBBBBBBBBBBBBBBBBBBBB">
      <id>109559</id>
      <classname>org.openmrs.ConceptName</classname>
      <dateChanged id="465">2012-07-16 05:32:24</dateChanged>
    </org.openmrs.module.metadatasharing.Item>
    <org.openmrs.module.metadatasharing.Item id="466" uuid="145039ABBBBBBBBBBBBBBBBBBBBBBBBBBBBB">
      <id>145039</id>
      <classname>org.openmrs.ConceptMap</classname>
      <dateChanged id="467">2012-07-16 05:32:24</dateChanged>
    </org.openmrs.module.metadatasharing.Item>
    <org.openmrs.module.metadatasharing.Item id="468" uuid="c50de200-74c7-3434-af63-f221e6f2bc43">
      <id>145039</id>
      <classname>org.openmrs.ConceptReferenceTerm</classname>
      <dateChanged id="469">2012-07-16 04:00:00</dateChanged>
      <retired>false</retired>
    </org.openmrs.module.metadatasharing.Item>
    <org.openmrs.module.metadatasharing.Item id="470" uuid="217981ABBBBBBBBBBBBBBBBBBBBBBBBBBBBB">
      <id>217981</id>
      <classname>org.openmrs.ConceptMap</classname>
      <dateChanged id="471">2013-07-03 22:53:08</dateChanged>
    </org.openmrs.module.metadatasharing.Item>
    <org.openmrs.module.metadatasharing.Item id="472" uuid="7b46a408-f91e-311c-ad5f-4559533e0808">
      <id>217981</id>
      <classname>org.openmrs.ConceptReferenceTerm</classname>
      <dateChanged id="473">2013-07-03 04:00:00</dateChanged>
      <retired>false</retired>
    </org.openmrs.module.metadatasharing.Item>
    <org.openmrs.module.metadatasharing.Item id="474" uuid="125253BBBBBBBBBBBBBBBBBBBBBBBBBBBBBB">
      <id>125253</id>
      <classname>org.openmrs.ConceptName</classname>
      <dateChanged id="475">2013-12-09 05:06:12</dateChanged>
    </org.openmrs.module.metadatasharing.Item>
    <org.openmrs.module.metadatasharing.Item id="476" uuid="125254BBBBBBBBBBBBBBBBBBBBBBBBBBBBBB">
      <id>125254</id>
      <classname>org.openmrs.ConceptName</classname>
      <dateChanged id="477">2013-12-09 05:06:12</dateChanged>
    </org.openmrs.module.metadatasharing.Item>
    <org.openmrs.module.metadatasharing.Item id="478" uuid="125276BBBBBBBBBBBBBBBBBBBBBBBBBBBBBB">
      <id>125276</id>
      <classname>org.openmrs.ConceptName</classname>
      <dateChanged id="479">2013-12-09 05:28:22</dateChanged>
    </org.openmrs.module.metadatasharing.Item>
    <org.openmrs.module.metadatasharing.Item id="480" uuid="274987ABBBBBBBBBBBBBBBBBBBBBBBBBBBBB">
      <id>274987</id>
      <classname>org.openmrs.ConceptMap</classname>
      <dateChanged id="481">2013-12-09 05:06:19</dateChanged>
    </org.openmrs.module.metadatasharing.Item>
    <org.openmrs.module.metadatasharing.Item id="482" uuid="1ef794c2-fd12-3f8a-9265-0247c975ba8a">
      <id>274987</id>
      <classname>org.openmrs.ConceptReferenceTerm</classname>
      <dateChanged id="483">2013-12-09 05:00:00</dateChanged>
      <retired>false</retired>
    </org.openmrs.module.metadatasharing.Item>
    <org.openmrs.module.metadatasharing.Item id="484" uuid="274986ABBBBBBBBBBBBBBBBBBBBBBBBBBBBB">
      <id>274986</id>
      <classname>org.openmrs.ConceptMap</classname>
      <dateChanged id="485">2013-12-09 05:06:12</dateChanged>
    </org.openmrs.module.metadatasharing.Item>
    <org.openmrs.module.metadatasharing.Item id="486" uuid="109562BBBBBBBBBBBBBBBBBBBBBBBBBBBBBB">
      <id>109562</id>
      <classname>org.openmrs.ConceptName</classname>
      <dateChanged id="487">2012-07-16 05:33:25</dateChanged>
    </org.openmrs.module.metadatasharing.Item>
    <org.openmrs.module.metadatasharing.Item id="488" uuid="109561BBBBBBBBBBBBBBBBBBBBBBBBBBBBBB">
      <id>109561</id>
      <classname>org.openmrs.ConceptName</classname>
      <dateChanged id="489">2012-07-16 05:33:25</dateChanged>
    </org.openmrs.module.metadatasharing.Item>
    <org.openmrs.module.metadatasharing.Item id="490" uuid="109560BBBBBBBBBBBBBBBBBBBBBBBBBBBBBB">
      <id>109560</id>
      <classname>org.openmrs.ConceptName</classname>
      <dateChanged id="491">2012-07-16 05:33:25</dateChanged>
    </org.openmrs.module.metadatasharing.Item>
    <org.openmrs.module.metadatasharing.Item id="492" uuid="125288BBBBBBBBBBBBBBBBBBBBBBBBBBBBBB">
      <id>125288</id>
      <classname>org.openmrs.ConceptName</classname>
      <dateChanged id="493">2013-12-28 01:52:20</dateChanged>
    </org.openmrs.module.metadatasharing.Item>
    <org.openmrs.module.metadatasharing.Item id="494" uuid="145040ABBBBBBBBBBBBBBBBBBBBBBBBBBBBB">
      <id>145040</id>
      <classname>org.openmrs.ConceptMap</classname>
      <dateChanged id="495">2012-07-16 05:33:25</dateChanged>
    </org.openmrs.module.metadatasharing.Item>
    <org.openmrs.module.metadatasharing.Item id="496" uuid="114a58d3-90ca-3f73-8945-0cca2052016f">
      <id>145040</id>
      <classname>org.openmrs.ConceptReferenceTerm</classname>
      <dateChanged id="497">2012-07-16 04:00:00</dateChanged>
      <retired>false</retired>
    </org.openmrs.module.metadatasharing.Item>
    <org.openmrs.module.metadatasharing.Item id="498" uuid="217982ABBBBBBBBBBBBBBBBBBBBBBBBBBBBB">
      <id>217982</id>
      <classname>org.openmrs.ConceptMap</classname>
      <dateChanged id="499">2013-07-03 22:53:08</dateChanged>
    </org.openmrs.module.metadatasharing.Item>
    <org.openmrs.module.metadatasharing.Item id="500" uuid="299b09ff-81f6-3a13-b173-a15b990f826a">
      <id>217982</id>
      <classname>org.openmrs.ConceptReferenceTerm</classname>
      <dateChanged id="501">2013-07-03 04:00:00</dateChanged>
      <retired>false</retired>
    </org.openmrs.module.metadatasharing.Item>
    <org.openmrs.module.metadatasharing.Item id="502" uuid="125238BBBBBBBBBBBBBBBBBBBBBBBBBBBBBB">
      <id>125238</id>
      <classname>org.openmrs.ConceptName</classname>
      <dateChanged id="503">2013-12-09 04:57:22</dateChanged>
    </org.openmrs.module.metadatasharing.Item>
    <org.openmrs.module.metadatasharing.Item id="504" uuid="125268BBBBBBBBBBBBBBBBBBBBBBBBBBBBBB">
      <id>125268</id>
      <classname>org.openmrs.ConceptName</classname>
      <dateChanged id="505">2013-12-09 05:26:00</dateChanged>
    </org.openmrs.module.metadatasharing.Item>
    <org.openmrs.module.metadatasharing.Item id="506" uuid="125237BBBBBBBBBBBBBBBBBBBBBBBBBBBBBB">
      <id>125237</id>
      <classname>org.openmrs.ConceptName</classname>
      <dateChanged id="507">2013-12-09 04:57:22</dateChanged>
    </org.openmrs.module.metadatasharing.Item>
    <org.openmrs.module.metadatasharing.Item id="508" uuid="274971ABBBBBBBBBBBBBBBBBBBBBBBBBBBBB">
      <id>274971</id>
      <classname>org.openmrs.ConceptMap</classname>
      <dateChanged id="509">2013-12-09 04:57:32</dateChanged>
    </org.openmrs.module.metadatasharing.Item>
    <org.openmrs.module.metadatasharing.Item id="510" uuid="2965b8f2-c92b-3316-9498-6df580b25eb5">
      <id>274971</id>
      <classname>org.openmrs.ConceptReferenceTerm</classname>
      <dateChanged id="511">2013-12-08 05:00:00</dateChanged>
      <retired>false</retired>
    </org.openmrs.module.metadatasharing.Item>
    <org.openmrs.module.metadatasharing.Item id="512" uuid="274970ABBBBBBBBBBBBBBBBBBBBBBBBBBBBB">
      <id>274970</id>
      <classname>org.openmrs.ConceptMap</classname>
      <dateChanged id="513">2013-12-09 04:57:22</dateChanged>
    </org.openmrs.module.metadatasharing.Item>
    <org.openmrs.module.metadatasharing.Item id="514" uuid="c82a540a-4964-3262-952c-17a88f6f2e2f">
      <id>274970</id>
      <classname>org.openmrs.ConceptReferenceTerm</classname>
      <dateChanged id="515">2013-12-08 05:00:00</dateChanged>
      <retired>false</retired>
    </org.openmrs.module.metadatasharing.Item>
    <org.openmrs.module.metadatasharing.Item id="516" uuid="125230BBBBBBBBBBBBBBBBBBBBBBBBBBBBBB">
      <id>125230</id>
      <classname>org.openmrs.ConceptName</classname>
      <dateChanged id="517">2013-12-09 04:54:52</dateChanged>
    </org.openmrs.module.metadatasharing.Item>
    <org.openmrs.module.metadatasharing.Item id="518" uuid="125231BBBBBBBBBBBBBBBBBBBBBBBBBBBBBB">
      <id>125231</id>
      <classname>org.openmrs.ConceptName</classname>
      <dateChanged id="519">2013-12-09 04:54:52</dateChanged>
    </org.openmrs.module.metadatasharing.Item>
    <org.openmrs.module.metadatasharing.Item id="520" uuid="274965ABBBBBBBBBBBBBBBBBBBBBBBBBBBBB">
      <id>274965</id>
      <classname>org.openmrs.ConceptMap</classname>
      <dateChanged id="521">2013-12-09 04:55:02</dateChanged>
    </org.openmrs.module.metadatasharing.Item>
    <org.openmrs.module.metadatasharing.Item id="522" uuid="f34de096-bb9c-3023-b758-3ba3fd950b5a">
      <id>274965</id>
      <classname>org.openmrs.ConceptReferenceTerm</classname>
      <dateChanged id="523">2013-12-08 05:00:00</dateChanged>
      <retired>false</retired>
    </org.openmrs.module.metadatasharing.Item>
    <org.openmrs.module.metadatasharing.Item id="524" uuid="274964ABBBBBBBBBBBBBBBBBBBBBBBBBBBBB">
      <id>274964</id>
      <classname>org.openmrs.ConceptMap</classname>
      <dateChanged id="525">2013-12-09 04:54:52</dateChanged>
    </org.openmrs.module.metadatasharing.Item>
    <org.openmrs.module.metadatasharing.Item id="526" uuid="400a7a4e-66e5-3703-a2d9-aa2edb7672c1">
      <id>274964</id>
      <classname>org.openmrs.ConceptReferenceTerm</classname>
      <dateChanged id="527">2013-12-08 05:00:00</dateChanged>
      <retired>false</retired>
    </org.openmrs.module.metadatasharing.Item>
    <org.openmrs.module.metadatasharing.Item id="528" uuid="109579BBBBBBBBBBBBBBBBBBBBBBBBBBBBBB">
      <id>109579</id>
      <classname>org.openmrs.ConceptName</classname>
      <dateChanged id="529">2012-07-16 05:40:55</dateChanged>
    </org.openmrs.module.metadatasharing.Item>
    <org.openmrs.module.metadatasharing.Item id="530" uuid="109581BBBBBBBBBBBBBBBBBBBBBBBBBBBBBB">
      <id>109581</id>
      <classname>org.openmrs.ConceptName</classname>
      <dateChanged id="531">2012-07-16 05:40:55</dateChanged>
    </org.openmrs.module.metadatasharing.Item>
    <org.openmrs.module.metadatasharing.Item id="532" uuid="109578BBBBBBBBBBBBBBBBBBBBBBBBBBBBBB">
      <id>109578</id>
      <classname>org.openmrs.ConceptName</classname>
      <dateChanged id="533">2012-07-16 05:40:55</dateChanged>
    </org.openmrs.module.metadatasharing.Item>
    <org.openmrs.module.metadatasharing.Item id="534" uuid="109580BBBBBBBBBBBBBBBBBBBBBBBBBBBBBB">
      <id>109580</id>
      <classname>org.openmrs.ConceptName</classname>
      <dateChanged id="535">2012-07-16 05:40:55</dateChanged>
    </org.openmrs.module.metadatasharing.Item>
    <org.openmrs.module.metadatasharing.Item id="536" uuid="125294BBBBBBBBBBBBBBBBBBBBBBBBBBBBBB">
      <id>125294</id>
      <classname>org.openmrs.ConceptName</classname>
      <dateChanged id="537">2013-12-28 01:54:03</dateChanged>
    </org.openmrs.module.metadatasharing.Item>
    <org.openmrs.module.metadatasharing.Item id="538" uuid="217988ABBBBBBBBBBBBBBBBBBBBBBBBBBBBB">
      <id>217988</id>
      <classname>org.openmrs.ConceptMap</classname>
      <dateChanged id="539">2013-07-03 22:53:08</dateChanged>
    </org.openmrs.module.metadatasharing.Item>
    <org.openmrs.module.metadatasharing.Item id="540" uuid="6bb40989-c547-32fa-84cc-8496322476c9">
      <id>217988</id>
      <classname>org.openmrs.ConceptReferenceTerm</classname>
      <dateChanged id="541">2013-07-03 04:00:00</dateChanged>
      <retired>false</retired>
    </org.openmrs.module.metadatasharing.Item>
    <org.openmrs.module.metadatasharing.Item id="542" uuid="145046ABBBBBBBBBBBBBBBBBBBBBBBBBBBBB">
      <id>145046</id>
      <classname>org.openmrs.ConceptMap</classname>
      <dateChanged id="543">2012-07-16 05:40:55</dateChanged>
    </org.openmrs.module.metadatasharing.Item>
    <org.openmrs.module.metadatasharing.Item id="544" uuid="884649da-f828-3bf9-b266-b37f5a31df59">
      <id>145046</id>
      <classname>org.openmrs.ConceptReferenceTerm</classname>
      <dateChanged id="545">2012-07-16 04:00:00</dateChanged>
      <retired>false</retired>
    </org.openmrs.module.metadatasharing.Item>
    <org.openmrs.module.metadatasharing.Item id="546" uuid="109583BBBBBBBBBBBBBBBBBBBBBBBBBBBBBB">
      <id>109583</id>
      <classname>org.openmrs.ConceptName</classname>
      <dateChanged id="547">2012-07-16 05:42:13</dateChanged>
    </org.openmrs.module.metadatasharing.Item>
    <org.openmrs.module.metadatasharing.Item id="548" uuid="109584BBBBBBBBBBBBBBBBBBBBBBBBBBBBBB">
      <id>109584</id>
      <classname>org.openmrs.ConceptName</classname>
      <dateChanged id="549">2012-07-16 05:42:13</dateChanged>
    </org.openmrs.module.metadatasharing.Item>
    <org.openmrs.module.metadatasharing.Item id="550" uuid="109582BBBBBBBBBBBBBBBBBBBBBBBBBBBBBB">
      <id>109582</id>
      <classname>org.openmrs.ConceptName</classname>
      <dateChanged id="551">2012-07-16 05:42:13</dateChanged>
    </org.openmrs.module.metadatasharing.Item>
    <org.openmrs.module.metadatasharing.Item id="552" uuid="125295BBBBBBBBBBBBBBBBBBBBBBBBBBBBBB">
      <id>125295</id>
      <classname>org.openmrs.ConceptName</classname>
      <dateChanged id="553">2013-12-28 01:54:29</dateChanged>
    </org.openmrs.module.metadatasharing.Item>
    <org.openmrs.module.metadatasharing.Item id="554" uuid="145047ABBBBBBBBBBBBBBBBBBBBBBBBBBBBB">
      <id>145047</id>
      <classname>org.openmrs.ConceptMap</classname>
      <dateChanged id="555">2012-07-16 05:42:13</dateChanged>
    </org.openmrs.module.metadatasharing.Item>
    <org.openmrs.module.metadatasharing.Item id="556" uuid="12980490-78c7-3d17-ad98-a69b76ed8ada">
      <id>145047</id>
      <classname>org.openmrs.ConceptReferenceTerm</classname>
      <dateChanged id="557">2012-07-16 04:00:00</dateChanged>
      <retired>false</retired>
    </org.openmrs.module.metadatasharing.Item>
    <org.openmrs.module.metadatasharing.Item id="558" uuid="217989ABBBBBBBBBBBBBBBBBBBBBBBBBBBBB">
      <id>217989</id>
      <classname>org.openmrs.ConceptMap</classname>
      <dateChanged id="559">2013-07-03 22:53:08</dateChanged>
    </org.openmrs.module.metadatasharing.Item>
    <org.openmrs.module.metadatasharing.Item id="560" uuid="460cd7b5-2e93-361f-850f-c17d6e9866b9">
      <id>217989</id>
      <classname>org.openmrs.ConceptReferenceTerm</classname>
      <dateChanged id="561">2013-07-03 04:00:00</dateChanged>
      <retired>false</retired>
    </org.openmrs.module.metadatasharing.Item>
    <org.openmrs.module.metadatasharing.Item id="562" uuid="125245BBBBBBBBBBBBBBBBBBBBBBBBBBBBBB">
      <id>125245</id>
      <classname>org.openmrs.ConceptName</classname>
      <dateChanged id="563">2013-12-09 05:02:16</dateChanged>
    </org.openmrs.module.metadatasharing.Item>
    <org.openmrs.module.metadatasharing.Item id="564" uuid="125272BBBBBBBBBBBBBBBBBBBBBBBBBBBBBB">
      <id>125272</id>
      <classname>org.openmrs.ConceptName</classname>
      <dateChanged id="565">2013-12-09 05:27:08</dateChanged>
    </org.openmrs.module.metadatasharing.Item>
    <org.openmrs.module.metadatasharing.Item id="566" uuid="125246BBBBBBBBBBBBBBBBBBBBBBBBBBBBBB">
      <id>125246</id>
      <classname>org.openmrs.ConceptName</classname>
      <dateChanged id="567">2013-12-09 05:02:16</dateChanged>
    </org.openmrs.module.metadatasharing.Item>
    <org.openmrs.module.metadatasharing.Item id="568" uuid="274979ABBBBBBBBBBBBBBBBBBBBBBBBBBBBB">
      <id>274979</id>
      <classname>org.openmrs.ConceptMap</classname>
      <dateChanged id="569">2013-12-09 05:02:26</dateChanged>
    </org.openmrs.module.metadatasharing.Item>
    <org.openmrs.module.metadatasharing.Item id="570" uuid="2ade9703-7373-3d15-a0da-a4ebcaa8c70a">
      <id>274979</id>
      <classname>org.openmrs.ConceptReferenceTerm</classname>
      <dateChanged id="571">2013-12-09 05:00:00</dateChanged>
      <retired>false</retired>
    </org.openmrs.module.metadatasharing.Item>
    <org.openmrs.module.metadatasharing.Item id="572" uuid="274978ABBBBBBBBBBBBBBBBBBBBBBBBBBBBB">
      <id>274978</id>
      <classname>org.openmrs.ConceptMap</classname>
      <dateChanged id="573">2013-12-09 05:02:16</dateChanged>
    </org.openmrs.module.metadatasharing.Item>
    <org.openmrs.module.metadatasharing.Item id="574" uuid="d5ff7c45-9096-3ae2-8c0a-b7b5cc5ef95e">
      <id>274978</id>
      <classname>org.openmrs.ConceptReferenceTerm</classname>
      <dateChanged id="575">2013-12-09 05:00:00</dateChanged>
      <retired>false</retired>
    </org.openmrs.module.metadatasharing.Item>
    <org.openmrs.module.metadatasharing.Item id="576" uuid="125244BBBBBBBBBBBBBBBBBBBBBBBBBBBBBB">
      <id>125244</id>
      <classname>org.openmrs.ConceptName</classname>
      <dateChanged id="577">2013-12-09 05:00:25</dateChanged>
    </org.openmrs.module.metadatasharing.Item>
    <org.openmrs.module.metadatasharing.Item id="578" uuid="125271BBBBBBBBBBBBBBBBBBBBBBBBBBBBBB">
      <id>125271</id>
      <classname>org.openmrs.ConceptName</classname>
      <dateChanged id="579">2013-12-09 05:26:53</dateChanged>
    </org.openmrs.module.metadatasharing.Item>
    <org.openmrs.module.metadatasharing.Item id="580" uuid="125243BBBBBBBBBBBBBBBBBBBBBBBBBBBBBB">
      <id>125243</id>
      <classname>org.openmrs.ConceptName</classname>
      <dateChanged id="581">2013-12-09 05:00:25</dateChanged>
    </org.openmrs.module.metadatasharing.Item>
    <org.openmrs.module.metadatasharing.Item id="582" uuid="274976ABBBBBBBBBBBBBBBBBBBBBBBBBBBBB">
      <id>274976</id>
      <classname>org.openmrs.ConceptMap</classname>
      <dateChanged id="583">2013-12-09 05:00:25</dateChanged>
    </org.openmrs.module.metadatasharing.Item>
    <org.openmrs.module.metadatasharing.Item id="584" uuid="e0977ca6-38cf-3803-9d50-e8fa3889b610">
      <id>274976</id>
      <classname>org.openmrs.ConceptReferenceTerm</classname>
      <dateChanged id="585">2013-12-09 05:00:00</dateChanged>
      <retired>false</retired>
    </org.openmrs.module.metadatasharing.Item>
    <org.openmrs.module.metadatasharing.Item id="586" uuid="274977ABBBBBBBBBBBBBBBBBBBBBBBBBBBBB">
      <id>274977</id>
      <classname>org.openmrs.ConceptMap</classname>
      <dateChanged id="587">2013-12-09 05:00:35</dateChanged>
    </org.openmrs.module.metadatasharing.Item>
    <org.openmrs.module.metadatasharing.Item id="588" uuid="58861471-c8b4-38b1-abdf-2fb878a3e8ac">
      <id>274977</id>
      <classname>org.openmrs.ConceptReferenceTerm</classname>
      <dateChanged id="589">2013-12-09 05:00:00</dateChanged>
      <retired>false</retired>
    </org.openmrs.module.metadatasharing.Item>
  </relatedItems>
</package>
