<?xml version="1.0" encoding="UTF-8"?>
<list id="1">
  <org.openmrs.Concept id="2" uuid="159947AAAAAAAAAAAAAAAAAAAAAAAAAAAAAA">
    <conceptId>159947</conceptId>
    <retired>false</retired>
    <datatype id="3" resolves-to="org.openmrs.ConceptDatatype" uuid="8d4a4c94-c2cc-11de-8d13-0010c6dffd0f">
      <name>N/A</name>
      <description>Not associated with a datatype (e.g., term answers, sets)</description>
      <creator/>
      <dateCreated id="4">2004-02-02 05:00:00</dateCreated>
      <retired>false</retired>
      <retiredBy/>
      <conceptDatatypeId>4</conceptDatatypeId>
      <hl7Abbreviation>ZZ</hl7Abbreviation>
    </datatype>
    <conceptClass id="5" resolves-to="org.openmrs.ConceptClass" uuid="8d492594-c2cc-11de-8d13-0010c6dffd0f">
      <name>ConvSet</name>
      <description>Term to describe convenience sets</description>
      <creator/>
      <dateCreated id="6">2004-03-02 05:00:00</dateCreated>
      <retired>false</retired>
      <retiredBy/>
      <conceptClassId>10</conceptClassId>
    </conceptClass>
    <set>true</set>
    <creator/>
    <dateCreated id="7">2010-12-14 07:44:15</dateCreated>
    <changedBy/>
    <dateChanged id="8">2013-08-02 21:45:40</dateChanged>
    <names class="set" id="9">
      <org.openmrs.ConceptName id="10" uuid="107502BBBBBBBBBBBBBBBBBBBBBBBBBBBBBB">
        <conceptNameId>107502</conceptNameId>
        <concept reference="2"/>
        <name>Visit Dx</name>
        <locale id="11">en</locale>
        <creator/>
        <dateCreated id="12">2010-12-14 07:44:15</dateCreated>
        <voided>false</voided>
        <tags class="set" id="13"/>
        <localePreferred>false</localePreferred>
      </org.openmrs.ConceptName>
      <org.openmrs.ConceptName id="14" uuid="107501BBBBBBBBBBBBBBBBBBBBBBBBBBBBBB">
        <conceptNameId>107501</conceptNameId>
        <concept reference="2"/>
        <name>Visit Diagnoses</name>
        <locale id="15">en</locale>
        <creator/>
        <dateCreated id="16">2010-12-14 07:44:15</dateCreated>
        <voided>false</voided>
        <tags class="set" id="17"/>
        <conceptNameType>FULLY_SPECIFIED</conceptNameType>
        <localePreferred>true</localePreferred>
      </org.openmrs.ConceptName>
    </names>
    <answers class="set" id="18"/>
    <conceptSets class="set" id="19">
      <org.openmrs.ConceptSet id="20" uuid="584AEEEEEEEEEEEEEEEEEEEEEEEEEEEEEEEE">
        <conceptSetId>584</conceptSetId>
        <concept id="21" resolves-to="org.openmrs.Concept" uuid="159946AAAAAAAAAAAAAAAAAAAAAAAAAAAAAA">
          <conceptId>159946</conceptId>
          <retired>false</retired>
          <datatype id="22" resolves-to="org.openmrs.ConceptDatatype" uuid="8d4a48b6-c2cc-11de-8d13-0010c6dffd0f">
            <name>Coded</name>
            <description>Value determined by term dictionary lookup (i.e., term identifier)</description>
            <creator/>
            <dateCreated id="23">2004-02-02 05:00:00</dateCreated>
            <retired>false</retired>
            <retiredBy/>
            <conceptDatatypeId>2</conceptDatatypeId>
            <hl7Abbreviation>CWE</hl7Abbreviation>
          </datatype>
          <conceptClass id="24" resolves-to="org.openmrs.ConceptClass" uuid="8d491a9a-c2cc-11de-8d13-0010c6dffd0f">
            <name>Finding</name>
            <description>Practitioner observation/finding</description>
            <creator/>
            <dateCreated id="25">2004-03-02 05:00:00</dateCreated>
            <retired>false</retired>
            <retiredBy/>
            <conceptClassId>5</conceptClassId>
          </conceptClass>
          <set>false</set>
          <creator/>
          <dateCreated id="26">2010-12-05 03:02:33</dateCreated>
          <changedBy/>
          <dateChanged id="27">2013-08-02 21:46:21</dateChanged>
          <names class="set" id="28">
            <org.openmrs.ConceptName id="29" uuid="107497BBBBBBBBBBBBBBBBBBBBBBBBBBBBBB">
              <conceptNameId>107497</conceptNameId>
              <concept reference="21"/>
              <name>Diagnosis order</name>
              <locale id="30">en</locale>
              <creator/>
              <dateCreated id="31">2010-12-05 03:02:33</dateCreated>
              <voided>false</voided>
              <tags class="set" id="32"/>
              <conceptNameType>FULLY_SPECIFIED</conceptNameType>
              <localePreferred>true</localePreferred>
            </org.openmrs.ConceptName>
          </names>
          <answers class="set" id="33">
            <org.openmrs.ConceptAnswer id="34" uuid="2981CCCCCCCCCCCCCCCCCCCCCCCCCCCCCCCC">
              <conceptAnswerId>2981</conceptAnswerId>
              <concept reference="21"/>
              <answerConcept id="35" resolves-to="org.openmrs.Concept" uuid="159943AAAAAAAAAAAAAAAAAAAAAAAAAAAAAA">
                <conceptId>159943</conceptId>
                <retired>false</retired>
                <datatype reference="3"/>
                <conceptClass id="36" resolves-to="org.openmrs.ConceptClass" uuid="8d492774-c2cc-11de-8d13-0010c6dffd0f">
                  <name>Misc</name>
                  <description>Terms which don&apos;t fit other categories</description>
                  <creator/>
                  <dateCreated id="37">2004-03-02 05:00:00</dateCreated>
                  <retired>false</retired>
                  <retiredBy/>
                  <conceptClassId>11</conceptClassId>
                </conceptClass>
                <set>false</set>
                <creator/>
                <dateCreated id="38">2010-12-05 02:52:08</dateCreated>
                <changedBy/>
                <dateChanged id="39">2013-08-02 21:46:28</dateChanged>
                <names class="set" id="40">
                  <org.openmrs.ConceptName id="41" uuid="107493BBBBBBBBBBBBBBBBBBBBBBBBBBBBBB">
                    <conceptNameId>107493</conceptNameId>
                    <concept reference="35"/>
                    <name>primary</name>
                    <locale id="42">en</locale>
                    <creator/>
                    <dateCreated id="43">2010-12-05 02:52:08</dateCreated>
                    <voided>false</voided>
                    <tags class="set" id="44"/>
                    <conceptNameType>FULLY_SPECIFIED</conceptNameType>
                    <localePreferred>true</localePreferred>
                  </org.openmrs.ConceptName>
                  <org.openmrs.ConceptName id="45" uuid="107494BBBBBBBBBBBBBBBBBBBBBBBBBBBBBB">
                    <conceptNameId>107494</conceptNameId>
                    <concept reference="35"/>
                    <name>principal</name>
                    <locale id="46">en</locale>
                    <creator/>
                    <dateCreated id="47">2010-12-05 02:52:08</dateCreated>
                    <voided>false</voided>
                    <tags class="set" id="48"/>
                    <localePreferred>false</localePreferred>
                  </org.openmrs.ConceptName>
                </names>
                <answers class="set" id="49"/>
                <conceptSets class="set" id="50"/>
                <descriptions class="set" id="51">
                  <org.openmrs.ConceptDescription id="52" uuid="16472FFFFFFFFFFFFFFFFFFFFFFFFFFFFFFF">
                    <conceptDescriptionId>16472</conceptDescriptionId>
                    <concept reference="35"/>
                    <description>Primary, principal or first (as in qualifier for diagnosis)</description>
                    <locale id="53">en</locale>
                    <creator/>
                    <dateCreated id="54">2010-12-05 02:52:08</dateCreated>
                    <changedBy/>
                  </org.openmrs.ConceptDescription>
                </descriptions>
                <conceptMappings class="set" id="55">
                  <org.openmrs.ConceptMap id="56" uuid="e78dd00e-447c-4832-9bf6-52abde64d6e5">
                    <conceptMapType id="57" resolves-to="org.openmrs.ConceptMapType" uuid="35543629-7d8c-11e1-909d-c80aa9edcf4e">
                      <name>SAME-AS</name>
                      <creator/>
                      <dateCreated id="58">2013-07-11 04:00:00</dateCreated>
                      <changedBy/>
                      <retired>false</retired>
                      <retiredBy/>
                      <conceptMapTypeId>1</conceptMapTypeId>
                      <isHidden>false</isHidden>
                    </conceptMapType>
                    <creator/>
                    <dateCreated id="59">2013-08-02 21:46:28</dateCreated>
                    <conceptMapId>236542</conceptMapId>
                    <concept reference="35"/>
                    <conceptReferenceTerm id="60" resolves-to="org.openmrs.ConceptReferenceTerm" uuid="223d5056-f850-4f0b-ba03-268553dcb304">
                      <creator/>
                      <dateCreated id="61">2013-08-02 21:46:27</dateCreated>
                      <retired>false</retired>
                      <conceptReferenceTermId>236542</conceptReferenceTermId>
                      <conceptSource id="62" resolves-to="org.openmrs.ConceptSource" uuid="ccb6a882-2485-4597-af3f-c9715555f424">
                        <name>OpenMRS Reference Metadata</name>
                        <description>The concept source used by local concept mappings by Metadata sharing module when exporting concepts</description>
                        <creator/>
                        <dateCreated id="63">2013-08-02 21:36:06</dateCreated>
                        <retired>false</retired>
                        <conceptSourceId>23</conceptSourceId>
                        <hl7Code>ORMD</hl7Code>
                      </conceptSource>
                      <code>159943</code>
                      <conceptReferenceTermMaps id="64"/>
                    </conceptReferenceTerm>
                  </org.openmrs.ConceptMap>
                  <org.openmrs.ConceptMap id="65" uuid="217084ABBBBBBBBBBBBBBBBBBBBBBBBBBBBB">
                    <conceptMapType reference="57"/>
                    <creator/>
                    <changedBy/>
                    <dateCreated id="66">2013-07-03 22:53:08</dateCreated>
                    <conceptMapId>217084</conceptMapId>
                    <concept reference="35"/>
                    <conceptReferenceTerm id="67" resolves-to="org.openmrs.ConceptReferenceTerm" uuid="0d6135f6-9675-3fe2-b207-e9079c6dfbb7">
                      <creator/>
                      <dateCreated id="68">2013-07-03 04:00:00</dateCreated>
                      <changedBy/>
                      <retired>false</retired>
                      <retiredBy/>
                      <conceptReferenceTermId>217084</conceptReferenceTermId>
                      <conceptSource id="69" resolves-to="org.openmrs.ConceptSource" uuid="21ADDDDDDDDDDDDDDDDDDDDDDDDDDDDDDDDD">
                        <name>CIEL</name>
                        <description>Columbia International eHealth Laboratory concept ID</description>
                        <creator/>
                        <dateCreated id="70">2013-07-03 19:55:03</dateCreated>
                        <retired>false</retired>
                        <retiredBy/>
                        <conceptSourceId>21</conceptSourceId>
                      </conceptSource>
                      <code>159943</code>
                      <conceptReferenceTermMaps id="71"/>
                    </conceptReferenceTerm>
                  </org.openmrs.ConceptMap>
                  <org.openmrs.ConceptMap id="72" uuid="137043ABBBBBBBBBBBBBBBBBBBBBBBBBBBBB">
                    <conceptMapType reference="57"/>
                    <creator/>
                    <changedBy/>
                    <dateCreated id="73">2010-12-05 02:52:08</dateCreated>
                    <conceptMapId>137043</conceptMapId>
                    <concept reference="35"/>
                    <conceptReferenceTerm id="74" resolves-to="org.openmrs.ConceptReferenceTerm" uuid="c6641f6d-5812-348c-9011-0cd89361da7b">
                      <creator/>
                      <dateCreated id="75">2010-12-04 05:00:00</dateCreated>
                      <changedBy/>
                      <retired>false</retired>
                      <retiredBy/>
                      <conceptReferenceTermId>137043</conceptReferenceTermId>
                      <conceptSource id="76" resolves-to="org.openmrs.ConceptSource" uuid="1ADDDDDDDDDDDDDDDDDDDDDDDDDDDDDDDDDD">
                        <name>SNOMED CT</name>
                        <description>SNOMED Preferred mapping</description>
                        <creator/>
                        <dateCreated id="77">2009-11-20 01:19:16</dateCreated>
                        <retired>false</retired>
                        <retiredBy/>
                        <conceptSourceId>1</conceptSourceId>
                      </conceptSource>
                      <code>63161005</code>
                      <conceptReferenceTermMaps id="78"/>
                    </conceptReferenceTerm>
                  </org.openmrs.ConceptMap>
                </conceptMappings>
              </answerConcept>
              <creator/>
              <dateCreated id="79">2010-12-05 03:02:33</dateCreated>
              <sortWeight>2981.0</sortWeight>
            </org.openmrs.ConceptAnswer>
            <org.openmrs.ConceptAnswer id="80" uuid="2980CCCCCCCCCCCCCCCCCCCCCCCCCCCCCCCC">
              <conceptAnswerId>2980</conceptAnswerId>
              <concept reference="21"/>
              <answerConcept id="81" resolves-to="org.openmrs.Concept" uuid="159944AAAAAAAAAAAAAAAAAAAAAAAAAAAAAA">
                <conceptId>159944</conceptId>
                <retired>false</retired>
                <datatype reference="3"/>
                <conceptClass reference="36"/>
                <set>false</set>
                <creator/>
                <dateCreated id="82">2010-12-05 02:53:25</dateCreated>
                <changedBy/>
                <dateChanged id="83">2013-08-02 21:46:24</dateChanged>
                <names class="set" id="84">
                  <org.openmrs.ConceptName id="85" uuid="107495BBBBBBBBBBBBBBBBBBBBBBBBBBBBBB">
                    <conceptNameId>107495</conceptNameId>
                    <concept reference="81"/>
                    <name>secondary</name>
                    <locale id="86">en</locale>
                    <creator/>
                    <dateCreated id="87">2010-12-05 02:53:25</dateCreated>
                    <voided>false</voided>
                    <tags class="set" id="88"/>
                    <conceptNameType>FULLY_SPECIFIED</conceptNameType>
                    <localePreferred>true</localePreferred>
                  </org.openmrs.ConceptName>
                </names>
                <answers class="set" id="89"/>
                <conceptSets class="set" id="90"/>
                <descriptions class="set" id="91">
                  <org.openmrs.ConceptDescription id="92" uuid="16473FFFFFFFFFFFFFFFFFFFFFFFFFFFFFFF">
                    <conceptDescriptionId>16473</conceptDescriptionId>
                    <concept reference="81"/>
                    <description>Second or non-primary qualifier value such as for a diagnosis</description>
                    <locale id="93">en</locale>
                    <creator/>
                    <dateCreated id="94">2010-12-05 02:53:25</dateCreated>
                    <changedBy/>
                  </org.openmrs.ConceptDescription>
                </descriptions>
                <conceptMappings class="set" id="95">
                  <org.openmrs.ConceptMap id="96" uuid="217085ABBBBBBBBBBBBBBBBBBBBBBBBBBBBB">
                    <conceptMapType reference="57"/>
                    <creator/>
                    <changedBy/>
                    <dateCreated id="97">2013-07-03 22:53:08</dateCreated>
                    <conceptMapId>217085</conceptMapId>
                    <concept reference="81"/>
                    <conceptReferenceTerm id="98" resolves-to="org.openmrs.ConceptReferenceTerm" uuid="3bddc454-c216-303a-a0e0-c9ebf834817b">
                      <creator/>
                      <dateCreated id="99">2013-07-03 04:00:00</dateCreated>
                      <changedBy/>
                      <retired>false</retired>
                      <retiredBy/>
                      <conceptReferenceTermId>217085</conceptReferenceTermId>
                      <conceptSource reference="69"/>
                      <code>159944</code>
                      <conceptReferenceTermMaps id="100"/>
                    </conceptReferenceTerm>
                  </org.openmrs.ConceptMap>
                  <org.openmrs.ConceptMap id="101" uuid="137044ABBBBBBBBBBBBBBBBBBBBBBBBBBBBB">
                    <conceptMapType reference="57"/>
                    <creator/>
                    <changedBy/>
                    <dateCreated id="102">2010-12-05 02:53:25</dateCreated>
                    <conceptMapId>137044</conceptMapId>
                    <concept reference="81"/>
                    <conceptReferenceTerm id="103" resolves-to="org.openmrs.ConceptReferenceTerm" uuid="1aa11f81-340c-3ec4-bdc0-49be83fa2f7e">
                      <creator/>
                      <dateCreated id="104">2010-12-04 05:00:00</dateCreated>
                      <changedBy/>
                      <retired>false</retired>
                      <retiredBy/>
                      <conceptReferenceTermId>137044</conceptReferenceTermId>
                      <conceptSource reference="76"/>
                      <code>2603003</code>
                      <conceptReferenceTermMaps id="105"/>
                    </conceptReferenceTerm>
                  </org.openmrs.ConceptMap>
                  <org.openmrs.ConceptMap id="106" uuid="6f9a02b8-e0e0-4a4c-9b0c-fcc65deee0e7">
                    <conceptMapType reference="57"/>
                    <creator/>
                    <dateCreated id="107">2013-08-02 21:46:24</dateCreated>
                    <conceptMapId>236541</conceptMapId>
                    <concept reference="81"/>
                    <conceptReferenceTerm id="108" resolves-to="org.openmrs.ConceptReferenceTerm" uuid="59068727-450f-40b3-8a3e-634161e69242">
                      <creator/>
                      <dateCreated id="109">2013-08-02 21:46:22</dateCreated>
                      <retired>false</retired>
                      <conceptReferenceTermId>236541</conceptReferenceTermId>
                      <conceptSource reference="62"/>
                      <code>159944</code>
                      <conceptReferenceTermMaps id="110"/>
                    </conceptReferenceTerm>
                  </org.openmrs.ConceptMap>
                </conceptMappings>
              </answerConcept>
              <creator/>
              <dateCreated id="111">2010-12-05 03:02:33</dateCreated>
              <sortWeight>2980.0</sortWeight>
            </org.openmrs.ConceptAnswer>
            <org.openmrs.ConceptAnswer id="112" uuid="2982CCCCCCCCCCCCCCCCCCCCCCCCCCCCCCCC">
              <conceptAnswerId>2982</conceptAnswerId>
              <concept reference="21"/>
              <answerConcept id="113" resolves-to="org.openmrs.Concept" uuid="159945AAAAAAAAAAAAAAAAAAAAAAAAAAAAAA">
                <conceptId>159945</conceptId>
                <retired>false</retired>
                <datatype reference="3"/>
                <conceptClass reference="36"/>
                <set>false</set>
                <creator/>
                <dateCreated id="114">2010-12-05 02:54:54</dateCreated>
                <changedBy/>
                <dateChanged id="115">2013-08-02 21:46:33</dateChanged>
                <names class="set" id="116">
                  <org.openmrs.ConceptName id="117" uuid="107496BBBBBBBBBBBBBBBBBBBBBBBBBBBBBB">
                    <conceptNameId>107496</conceptNameId>
                    <concept reference="113"/>
                    <name>tertiary</name>
                    <locale id="118">en</locale>
                    <creator/>
                    <dateCreated id="119">2010-12-05 02:54:54</dateCreated>
                    <voided>false</voided>
                    <tags class="set" id="120"/>
                    <conceptNameType>FULLY_SPECIFIED</conceptNameType>
                    <localePreferred>true</localePreferred>
                  </org.openmrs.ConceptName>
                </names>
                <answers class="set" id="121"/>
                <conceptSets class="set" id="122"/>
                <descriptions class="set" id="123">
                  <org.openmrs.ConceptDescription id="124" uuid="16474FFFFFFFFFFFFFFFFFFFFFFFFFFFFFFF">
                    <conceptDescriptionId>16474</conceptDescriptionId>
                    <concept reference="113"/>
                    <description>third or following primary and secondary as in qualifying a diagnosis</description>
                    <locale id="125">en</locale>
                    <creator/>
                    <dateCreated id="126">2010-12-05 02:54:54</dateCreated>
                    <changedBy/>
                  </org.openmrs.ConceptDescription>
                </descriptions>
                <conceptMappings class="set" id="127">
                  <org.openmrs.ConceptMap id="128" uuid="137045ABBBBBBBBBBBBBBBBBBBBBBBBBBBBB">
                    <conceptMapType reference="57"/>
                    <creator/>
                    <changedBy/>
                    <dateCreated id="129">2010-12-05 02:54:54</dateCreated>
                    <conceptMapId>137045</conceptMapId>
                    <concept reference="113"/>
                    <conceptReferenceTerm id="130" resolves-to="org.openmrs.ConceptReferenceTerm" uuid="c38af5ca-b766-3250-addc-bcd9af954e10">
                      <creator/>
                      <dateCreated id="131">2010-12-04 05:00:00</dateCreated>
                      <changedBy/>
                      <retired>false</retired>
                      <retiredBy/>
                      <conceptReferenceTermId>137045</conceptReferenceTermId>
                      <conceptSource reference="76"/>
                      <code>84965000</code>
                      <conceptReferenceTermMaps id="132"/>
                    </conceptReferenceTerm>
                  </org.openmrs.ConceptMap>
                  <org.openmrs.ConceptMap id="133" uuid="bfe99fd3-1bc9-4f8a-a319-24f2b9a26a56">
                    <conceptMapType reference="57"/>
                    <creator/>
                    <dateCreated id="134">2013-08-02 21:46:33</dateCreated>
                    <conceptMapId>236543</conceptMapId>
                    <concept reference="113"/>
                    <conceptReferenceTerm id="135" resolves-to="org.openmrs.ConceptReferenceTerm" uuid="2080b64c-5570-449c-9612-9bbff669eac0">
                      <creator/>
                      <dateCreated id="136">2013-08-02 21:46:31</dateCreated>
                      <retired>false</retired>
                      <conceptReferenceTermId>236543</conceptReferenceTermId>
                      <conceptSource reference="62"/>
                      <code>159945</code>
                      <conceptReferenceTermMaps id="137"/>
                    </conceptReferenceTerm>
                  </org.openmrs.ConceptMap>
                  <org.openmrs.ConceptMap id="138" uuid="217086ABBBBBBBBBBBBBBBBBBBBBBBBBBBBB">
                    <conceptMapType reference="57"/>
                    <creator/>
                    <changedBy/>
                    <dateCreated id="139">2013-07-03 22:53:08</dateCreated>
                    <conceptMapId>217086</conceptMapId>
                    <concept reference="113"/>
                    <conceptReferenceTerm id="140" resolves-to="org.openmrs.ConceptReferenceTerm" uuid="6f5f62eb-7074-3253-abcf-f22918bf3936">
                      <creator/>
                      <dateCreated id="141">2013-07-03 04:00:00</dateCreated>
                      <changedBy/>
                      <retired>false</retired>
                      <retiredBy/>
                      <conceptReferenceTermId>217086</conceptReferenceTermId>
                      <conceptSource reference="69"/>
                      <code>159945</code>
                      <conceptReferenceTermMaps id="142"/>
                    </conceptReferenceTerm>
                  </org.openmrs.ConceptMap>
                </conceptMappings>
              </answerConcept>
              <creator/>
              <dateCreated id="143">2010-12-05 03:02:33</dateCreated>
              <sortWeight>2982.0</sortWeight>
            </org.openmrs.ConceptAnswer>
          </answers>
          <conceptSets class="set" id="144"/>
          <descriptions class="set" id="145">
            <org.openmrs.ConceptDescription id="146" uuid="16475FFFFFFFFFFFFFFFFFFFFFFFFFFFFFFF">
              <conceptDescriptionId>16475</conceptDescriptionId>
              <concept reference="21"/>
              <description>Classification of diagnosis as primary, secondary, etc.</description>
              <locale id="147">en</locale>
              <creator/>
              <dateCreated id="148">2010-12-05 03:02:33</dateCreated>
              <changedBy/>
            </org.openmrs.ConceptDescription>
          </descriptions>
          <conceptMappings class="set" id="149">
            <org.openmrs.ConceptMap id="150" uuid="8f262703-9062-43df-9537-6f6c08daa7ae">
              <conceptMapType reference="57"/>
              <creator/>
              <dateCreated id="151">2013-08-02 21:46:21</dateCreated>
              <conceptMapId>236540</conceptMapId>
              <concept reference="21"/>
              <conceptReferenceTerm id="152" resolves-to="org.openmrs.ConceptReferenceTerm" uuid="52857b47-d8ee-4a90-900d-727af762a464">
                <creator/>
                <dateCreated id="153">2013-08-02 21:46:19</dateCreated>
                <retired>false</retired>
                <conceptReferenceTermId>236540</conceptReferenceTermId>
                <conceptSource reference="62"/>
                <code>159946</code>
                <conceptReferenceTermMaps id="154"/>
              </conceptReferenceTerm>
            </org.openmrs.ConceptMap>
            <org.openmrs.ConceptMap id="155" uuid="217087ABBBBBBBBBBBBBBBBBBBBBBBBBBBBB">
              <conceptMapType reference="57"/>
              <creator/>
              <changedBy/>
              <dateCreated id="156">2013-07-03 22:53:08</dateCreated>
              <conceptMapId>217087</conceptMapId>
              <concept reference="21"/>
              <conceptReferenceTerm id="157" resolves-to="org.openmrs.ConceptReferenceTerm" uuid="296f69d9-bbd1-33a1-a085-eddc1ea02cdc">
                <creator/>
                <dateCreated id="158">2013-07-03 04:00:00</dateCreated>
                <changedBy/>
                <retired>false</retired>
                <retiredBy/>
                <conceptReferenceTermId>217087</conceptReferenceTermId>
                <conceptSource reference="69"/>
                <code>159946</code>
                <conceptReferenceTermMaps id="159"/>
              </conceptReferenceTerm>
            </org.openmrs.ConceptMap>
          </conceptMappings>
        </concept>
        <conceptSet reference="2"/>
        <sortWeight>3.0</sortWeight>
        <creator/>
        <dateCreated id="160">2010-12-14 07:44:15</dateCreated>
      </org.openmrs.ConceptSet>
      <org.openmrs.ConceptSet id="161" uuid="1137AEEEEEEEEEEEEEEEEEEEEEEEEEEEEEEE">
        <conceptSetId>1137</conceptSetId>
        <concept id="162" resolves-to="org.openmrs.Concept" uuid="161602AAAAAAAAAAAAAAAAAAAAAAAAAAAAAA">
          <conceptId>161602</conceptId>
          <retired>false</retired>
          <datatype id="163" resolves-to="org.openmrs.ConceptDatatype" uuid="8d4a4ab4-c2cc-11de-8d13-0010c6dffd0f">
            <name>Text</name>
            <description>Free text</description>
            <creator/>
            <dateCreated id="164">2004-02-02 05:00:00</dateCreated>
            <retired>false</retired>
            <retiredBy/>
            <conceptDatatypeId>3</conceptDatatypeId>
            <hl7Abbreviation>ST</hl7Abbreviation>
          </datatype>
          <conceptClass id="165" resolves-to="org.openmrs.ConceptClass" uuid="8d4918b0-c2cc-11de-8d13-0010c6dffd0f">
            <name>Diagnosis</name>
            <description>Conclusion drawn through findings</description>
            <creator/>
            <dateCreated id="166">2004-02-02 05:00:00</dateCreated>
            <retired>false</retired>
            <retiredBy/>
            <conceptClassId>4</conceptClassId>
          </conceptClass>
          <set>false</set>
          <creator/>
          <dateCreated id="167">2013-03-02 12:23:11</dateCreated>
          <changedBy/>
          <dateChanged id="168">2013-08-02 21:45:51</dateChanged>
          <names class="set" id="169">
            <org.openmrs.ConceptName id="170" uuid="123497BBBBBBBBBBBBBBBBBBBBBBBBBBBBBB">
              <conceptNameId>123497</conceptNameId>
              <concept reference="162"/>
              <name>Diagnosis or problem, non-coded</name>
              <locale id="171">en</locale>
              <creator/>
              <dateCreated id="172">2013-03-02 12:23:11</dateCreated>
              <voided>false</voided>
              <tags class="set" id="173"/>
              <conceptNameType>FULLY_SPECIFIED</conceptNameType>
              <localePreferred>true</localePreferred>
            </org.openmrs.ConceptName>
          </names>
          <answers class="set" id="174"/>
          <conceptSets class="set" id="175"/>
          <descriptions class="set" id="176">
            <org.openmrs.ConceptDescription id="177" uuid="17113FFFFFFFFFFFFFFFFFFFFFFFFFFFFFFF">
              <conceptDescriptionId>17113</conceptDescriptionId>
              <concept reference="162"/>
              <description>Generic diagnosis, chief complaint, or problems that is used for non-coded entry.</description>
              <locale id="178">en</locale>
              <creator/>
              <dateCreated id="179">2013-03-02 12:23:11</dateCreated>
              <changedBy/>
            </org.openmrs.ConceptDescription>
          </descriptions>
          <conceptMappings class="set" id="180">
            <org.openmrs.ConceptMap id="181" uuid="9ba29d92-507c-4bcb-b867-ff48166e0ec2">
              <conceptMapType reference="57"/>
              <creator/>
              <dateCreated id="182">2013-08-02 21:45:51</dateCreated>
              <conceptMapId>236534</conceptMapId>
              <concept reference="162"/>
              <conceptReferenceTerm id="183" resolves-to="org.openmrs.ConceptReferenceTerm" uuid="20a35cb3-e36d-4fcd-98a2-3ee0b9c0d25a">
                <creator/>
                <dateCreated id="184">2013-08-02 21:45:49</dateCreated>
                <retired>false</retired>
                <conceptReferenceTermId>236534</conceptReferenceTermId>
                <conceptSource reference="62"/>
                <code>161602</code>
                <conceptReferenceTermMaps id="185"/>
              </conceptReferenceTerm>
            </org.openmrs.ConceptMap>
            <org.openmrs.ConceptMap id="186" uuid="170485ABBBBBBBBBBBBBBBBBBBBBBBBBBBBB">
              <conceptMapType reference="57"/>
              <creator/>
              <changedBy/>
              <dateCreated id="187">2013-03-02 12:23:11</dateCreated>
              <conceptMapId>170485</conceptMapId>
              <concept reference="162"/>
              <conceptReferenceTerm id="188" resolves-to="org.openmrs.ConceptReferenceTerm" uuid="5083391f-7847-3dc2-ae13-aadafb666044">
                <creator/>
                <dateCreated id="189">2013-03-02 05:00:00</dateCreated>
                <changedBy/>
                <retired>false</retired>
                <retiredBy/>
                <conceptReferenceTermId>170485</conceptReferenceTermId>
                <conceptSource id="190" resolves-to="org.openmrs.ConceptSource" uuid="fb9aaaf1-65e2-4c18-b53c-16b575f2f385">
                  <name>PIH</name>
                  <description>Equivalent concept ID in Master Partners-in-Health Concept dictionary</description>
                  <creator/>
                  <dateCreated id="191">2010-08-03 05:50:49</dateCreated>
                  <retired>false</retired>
                  <retiredBy/>
                  <conceptSourceId>11</conceptSourceId>
                </conceptSource>
                <code>7416</code>
                <conceptReferenceTermMaps id="192"/>
              </conceptReferenceTerm>
            </org.openmrs.ConceptMap>
            <org.openmrs.ConceptMap id="193" uuid="170484ABBBBBBBBBBBBBBBBBBBBBBBBBBBBB">
              <conceptMapType id="194" resolves-to="org.openmrs.ConceptMapType" uuid="43ac5109-7d8c-11e1-909d-c80aa9edcf4e">
                <name>NARROWER-THAN</name>
                <creator/>
                <dateCreated id="195">2013-07-11 04:00:00</dateCreated>
                <changedBy/>
                <retired>false</retired>
                <retiredBy/>
                <conceptMapTypeId>2</conceptMapTypeId>
                <isHidden>false</isHidden>
              </conceptMapType>
              <creator/>
              <changedBy/>
              <dateCreated id="196">2013-03-02 12:23:11</dateCreated>
              <conceptMapId>170484</conceptMapId>
              <concept reference="162"/>
              <conceptReferenceTerm id="197" resolves-to="org.openmrs.ConceptReferenceTerm" uuid="3482bb75-5597-34d1-b147-d9b1243f52f4">
                <creator/>
                <dateCreated id="198">2011-01-29 05:00:00</dateCreated>
                <changedBy/>
                <retired>false</retired>
                <retiredBy/>
                <conceptReferenceTermId>138235</conceptReferenceTermId>
                <conceptSource id="199" resolves-to="org.openmrs.ConceptSource" uuid="2ADDDDDDDDDDDDDDDDDDDDDDDDDDDDDDDDDD">
                  <name>SNOMED NP</name>
                  <description>Non-preferred SNOMED CT mappings</description>
                  <creator/>
                  <dateCreated id="200">2010-04-25 15:12:44</dateCreated>
                  <retired>false</retired>
                  <retiredBy/>
                  <conceptSourceId>2</conceptSourceId>
                </conceptSource>
                <code>439401001</code>
                <conceptReferenceTermMaps id="201"/>
              </conceptReferenceTerm>
            </org.openmrs.ConceptMap>
            <org.openmrs.ConceptMap id="202" uuid="218712ABBBBBBBBBBBBBBBBBBBBBBBBBBBBB">
              <conceptMapType reference="57"/>
              <creator/>
              <changedBy/>
              <dateCreated id="203">2013-07-03 22:53:08</dateCreated>
              <conceptMapId>218712</conceptMapId>
              <concept reference="162"/>
              <conceptReferenceTerm id="204" resolves-to="org.openmrs.ConceptReferenceTerm" uuid="f3355e86-4a0a-3a69-97a7-c10bf68f3ec6">
                <creator/>
                <dateCreated id="205">2013-07-03 04:00:00</dateCreated>
                <changedBy/>
                <retired>false</retired>
                <retiredBy/>
                <conceptReferenceTermId>218712</conceptReferenceTermId>
                <conceptSource reference="69"/>
                <code>161602</code>
                <conceptReferenceTermMaps id="206"/>
              </conceptReferenceTerm>
            </org.openmrs.ConceptMap>
          </conceptMappings>
        </concept>
        <conceptSet reference="2"/>
        <sortWeight>1.0</sortWeight>
        <creator/>
        <dateCreated id="207">2013-03-02 12:24:10</dateCreated>
      </org.openmrs.ConceptSet>
      <org.openmrs.ConceptSet id="208" uuid="164AEEEEEEEEEEEEEEEEEEEEEEEEEEEEEEEE">
        <conceptSetId>164</conceptSetId>
        <concept id="209" resolves-to="org.openmrs.Concept" uuid="1284AAAAAAAAAAAAAAAAAAAAAAAAAAAAAAAA">
          <conceptId>1284</conceptId>
          <retired>false</retired>
          <datatype reference="22"/>
          <conceptClass reference="24"/>
          <set>false</set>
          <creator/>
          <dateCreated id="210">2005-02-24 17:33:10</dateCreated>
          <changedBy/>
          <dateChanged id="211">2013-08-02 21:45:44</dateChanged>
          <names class="set" id="212">
            <org.openmrs.ConceptName id="213" uuid="1368BBBBBBBBBBBBBBBBBBBBBBBBBBBBBBBB">
              <conceptNameId>1368</conceptNameId>
              <concept reference="209"/>
              <name>PROBLEM LIST</name>
              <locale id="214">en</locale>
              <creator/>
              <dateCreated id="215">2005-02-24 17:33:10</dateCreated>
              <voided>false</voided>
              <tags class="set" id="216"/>
              <localePreferred>false</localePreferred>
            </org.openmrs.ConceptName>
            <org.openmrs.ConceptName id="217" uuid="90642BBBBBBBBBBBBBBBBBBBBBBBBBBBBBBB">
              <conceptNameId>90642</conceptNameId>
              <concept reference="209"/>
              <name>DIAGNOSIS LIST</name>
              <locale id="218">en</locale>
              <creator/>
              <dateCreated id="219">2005-02-24 17:33:10</dateCreated>
              <voided>false</voided>
              <tags class="set" id="220"/>
              <conceptNameType>FULLY_SPECIFIED</conceptNameType>
              <localePreferred>true</localePreferred>
            </org.openmrs.ConceptName>
          </names>
          <answers class="set" id="221"/>
          <conceptSets class="set" id="222"/>
          <descriptions class="set" id="223">
            <org.openmrs.ConceptDescription id="224" uuid="1287FFFFFFFFFFFFFFFFFFFFFFFFFFFFFFFF">
              <conceptDescriptionId>1287</conceptDescriptionId>
              <concept reference="209"/>
              <description>List of problems for a given patient visit.</description>
              <locale id="225">en</locale>
              <creator/>
              <dateCreated id="226">2005-02-24 17:33:10</dateCreated>
              <changedBy/>
            </org.openmrs.ConceptDescription>
          </descriptions>
          <conceptMappings class="set" id="227">
            <org.openmrs.ConceptMap id="228" uuid="141719ABBBBBBBBBBBBBBBBBBBBBBBBBBBBB">
              <conceptMapType reference="57"/>
              <creator/>
              <changedBy/>
              <dateCreated id="229">2011-02-11 21:14:58</dateCreated>
              <conceptMapId>141719</conceptMapId>
              <concept reference="209"/>
              <conceptReferenceTerm id="230" resolves-to="org.openmrs.ConceptReferenceTerm" uuid="96ec5da1-bbdd-3f54-8d26-60c03308acd4">
                <creator/>
                <dateCreated id="231">2011-02-11 05:00:00</dateCreated>
                <changedBy/>
                <retired>false</retired>
                <retiredBy/>
                <conceptReferenceTermId>141719</conceptReferenceTermId>
                <conceptSource id="232" resolves-to="org.openmrs.ConceptSource" uuid="14ADDDDDDDDDDDDDDDDDDDDDDDDDDDDDDDDD">
                  <name>SNOMED MVP</name>
                  <description>MVP Namespace Identifier extensions to SNOMED CT</description>
                  <creator/>
                  <dateCreated id="233">2010-12-03 23:18:39</dateCreated>
                  <retired>false</retired>
                  <retiredBy/>
                  <conceptSourceId>14</conceptSourceId>
                </conceptSource>
                <code>12841000105004</code>
                <conceptReferenceTermMaps id="234"/>
              </conceptReferenceTerm>
            </org.openmrs.ConceptMap>
            <org.openmrs.ConceptMap id="235" uuid="171536ABBBBBBBBBBBBBBBBBBBBBBBBBBBBB">
              <conceptMapType reference="57"/>
              <creator/>
              <changedBy/>
              <dateCreated id="236">2013-07-03 22:53:08</dateCreated>
              <conceptMapId>171536</conceptMapId>
              <concept reference="209"/>
              <conceptReferenceTerm id="237" resolves-to="org.openmrs.ConceptReferenceTerm" uuid="216d37c4-80c9-3fbd-beec-15857659a9c0">
                <creator/>
                <dateCreated id="238">2013-07-03 04:00:00</dateCreated>
                <changedBy/>
                <retired>false</retired>
                <retiredBy/>
                <conceptReferenceTermId>171536</conceptReferenceTermId>
                <conceptSource reference="69"/>
                <code>1284</code>
                <conceptReferenceTermMaps id="239"/>
              </conceptReferenceTerm>
            </org.openmrs.ConceptMap>
            <org.openmrs.ConceptMap id="240" uuid="43d2723e-833c-44e6-89ba-ca140e8e849a">
              <conceptMapType reference="57"/>
              <creator/>
              <dateCreated id="241">2013-08-02 21:45:44</dateCreated>
              <conceptMapId>236533</conceptMapId>
              <concept reference="209"/>
              <conceptReferenceTerm id="242" resolves-to="org.openmrs.ConceptReferenceTerm" uuid="720e96d4-915d-4449-930c-b5febcc6c557">
                <creator/>
                <dateCreated id="243">2013-08-02 21:45:42</dateCreated>
                <retired>false</retired>
                <conceptReferenceTermId>236533</conceptReferenceTermId>
                <conceptSource reference="62"/>
                <code>1284</code>
                <conceptReferenceTermMaps id="244"/>
              </conceptReferenceTerm>
            </org.openmrs.ConceptMap>
            <org.openmrs.ConceptMap id="245" uuid="138235ABBBBBBBBBBBBBBBBBBBBBBBBBBBBB">
              <conceptMapType reference="194"/>
              <creator/>
              <changedBy/>
              <dateCreated id="246">2011-01-29 22:37:24</dateCreated>
              <conceptMapId>138235</conceptMapId>
              <concept reference="209"/>
              <conceptReferenceTerm reference="197"/>
            </org.openmrs.ConceptMap>
            <org.openmrs.ConceptMap id="247" uuid="134959ABBBBBBBBBBBBBBBBBBBBBBBBBBBBB">
              <conceptMapType reference="57"/>
              <creator/>
              <changedBy/>
              <dateCreated id="248">2010-10-24 17:09:59</dateCreated>
              <conceptMapId>134959</conceptMapId>
              <concept reference="209"/>
              <conceptReferenceTerm id="249" resolves-to="org.openmrs.ConceptReferenceTerm" uuid="9739343f-9cca-3e14-9406-1c824b5a8b6f">
                <creator/>
                <dateCreated id="250">2010-10-24 04:00:00</dateCreated>
                <changedBy/>
                <retired>false</retired>
                <retiredBy/>
                <conceptReferenceTermId>134959</conceptReferenceTermId>
                <conceptSource id="251" resolves-to="org.openmrs.ConceptSource" uuid="13ADDDDDDDDDDDDDDDDDDDDDDDDDDDDDDDDD">
                  <name>AMPATH</name>
                  <description>AMPATH concept dictionary</description>
                  <creator/>
                  <dateCreated id="252">2010-10-24 21:02:38</dateCreated>
                  <retired>false</retired>
                  <retiredBy/>
                  <conceptSourceId>13</conceptSourceId>
                </conceptSource>
                <code>1284</code>
                <conceptReferenceTermMaps id="253"/>
              </conceptReferenceTerm>
            </org.openmrs.ConceptMap>
          </conceptMappings>
        </concept>
        <conceptSet reference="2"/>
        <sortWeight>0.0</sortWeight>
        <creator/>
        <dateCreated id="254">2010-12-14 07:44:15</dateCreated>
      </org.openmrs.ConceptSet>
      <org.openmrs.ConceptSet id="255" uuid="564AEEEEEEEEEEEEEEEEEEEEEEEEEEEEEEEE">
        <conceptSetId>564</conceptSetId>
        <concept id="256" resolves-to="org.openmrs.Concept" uuid="159394AAAAAAAAAAAAAAAAAAAAAAAAAAAAAA">
          <conceptId>159394</conceptId>
          <retired>false</retired>
          <datatype reference="22"/>
          <conceptClass reference="24"/>
          <set>false</set>
          <creator/>
          <dateCreated id="257">2010-08-24 22:54:05</dateCreated>
          <changedBy/>
          <dateChanged id="258">2013-08-02 21:45:56</dateChanged>
          <names class="set" id="259">
            <org.openmrs.ConceptName id="260" uuid="106476BBBBBBBBBBBBBBBBBBBBBBBBBBBBBB">
              <conceptNameId>106476</conceptNameId>
              <concept reference="256"/>
              <name>Diagnosis certainty</name>
              <locale id="261">en</locale>
              <creator/>
              <dateCreated id="262">2010-08-24 22:54:05</dateCreated>
              <voided>false</voided>
              <tags class="set" id="263"/>
              <conceptNameType>FULLY_SPECIFIED</conceptNameType>
              <localePreferred>true</localePreferred>
            </org.openmrs.ConceptName>
          </names>
          <answers class="set" id="264">
            <org.openmrs.ConceptAnswer id="265" uuid="2211CCCCCCCCCCCCCCCCCCCCCCCCCCCCCCCC">
              <conceptAnswerId>2211</conceptAnswerId>
              <concept reference="256"/>
              <answerConcept id="266" resolves-to="org.openmrs.Concept" uuid="159393AAAAAAAAAAAAAAAAAAAAAAAAAAAAAA">
                <conceptId>159393</conceptId>
                <retired>false</retired>
                <datatype reference="3"/>
                <conceptClass reference="36"/>
                <set>false</set>
                <creator/>
                <dateCreated id="267">2010-08-24 22:49:47</dateCreated>
                <changedBy/>
                <dateChanged id="268">2013-08-02 21:45:59</dateChanged>
                <names class="set" id="269">
                  <org.openmrs.ConceptName id="270" uuid="106475BBBBBBBBBBBBBBBBBBBBBBBBBBBBBB">
                    <conceptNameId>106475</conceptNameId>
                    <concept reference="266"/>
                    <name>Presumed diagnosis</name>
                    <locale id="271">en</locale>
                    <creator/>
                    <dateCreated id="272">2010-08-24 22:49:47</dateCreated>
                    <voided>false</voided>
                    <tags class="set" id="273"/>
                    <conceptNameType>FULLY_SPECIFIED</conceptNameType>
                    <localePreferred>true</localePreferred>
                  </org.openmrs.ConceptName>
                </names>
                <answers class="set" id="274"/>
                <conceptSets class="set" id="275"/>
                <descriptions class="set" id="276">
                  <org.openmrs.ConceptDescription id="277" uuid="16025FFFFFFFFFFFFFFFFFFFFFFFFFFFFFFF">
                    <conceptDescriptionId>16025</conceptDescriptionId>
                    <concept reference="266"/>
                    <description>The diagnosis is yet to be confirmed by special tests. This is the diagnosis based on clinical findings.</description>
                    <locale id="278">en</locale>
                    <creator/>
                    <dateCreated id="279">2010-08-24 22:49:47</dateCreated>
                    <changedBy/>
                  </org.openmrs.ConceptDescription>
                </descriptions>
                <conceptMappings class="set" id="280">
                  <org.openmrs.ConceptMap id="281" uuid="132796ABBBBBBBBBBBBBBBBBBBBBBBBBBBBB">
                    <conceptMapType reference="57"/>
                    <creator/>
                    <changedBy/>
                    <dateCreated id="282">2010-08-24 22:49:47</dateCreated>
                    <conceptMapId>132796</conceptMapId>
                    <concept reference="266"/>
                    <conceptReferenceTerm id="283" resolves-to="org.openmrs.ConceptReferenceTerm" uuid="d85c74ad-0aff-3962-8c8e-100e2801048a">
                      <creator/>
                      <dateCreated id="284">2010-08-24 04:00:00</dateCreated>
                      <changedBy/>
                      <retired>false</retired>
                      <retiredBy/>
                      <conceptReferenceTermId>132796</conceptReferenceTermId>
                      <conceptSource reference="190"/>
                      <code>1346</code>
                      <conceptReferenceTermMaps id="285"/>
                    </conceptReferenceTerm>
                  </org.openmrs.ConceptMap>
                  <org.openmrs.ConceptMap id="286" uuid="132795ABBBBBBBBBBBBBBBBBBBBBBBBBBBBB">
                    <conceptMapType reference="57"/>
                    <creator/>
                    <changedBy/>
                    <dateCreated id="287">2010-08-24 22:49:47</dateCreated>
                    <conceptMapId>132795</conceptMapId>
                    <concept reference="266"/>
                    <conceptReferenceTerm id="288" resolves-to="org.openmrs.ConceptReferenceTerm" uuid="b9c22911-7ff8-3608-a322-1420caa93026">
                      <creator/>
                      <dateCreated id="289">2010-08-24 04:00:00</dateCreated>
                      <changedBy/>
                      <retired>false</retired>
                      <retiredBy/>
                      <conceptReferenceTermId>132795</conceptReferenceTermId>
                      <conceptSource reference="76"/>
                      <code>410596003</code>
                      <conceptReferenceTermMaps id="290"/>
                    </conceptReferenceTerm>
                  </org.openmrs.ConceptMap>
                  <org.openmrs.ConceptMap id="291" uuid="216550ABBBBBBBBBBBBBBBBBBBBBBBBBBBBB">
                    <conceptMapType reference="57"/>
                    <creator/>
                    <changedBy/>
                    <dateCreated id="292">2013-07-03 22:53:08</dateCreated>
                    <conceptMapId>216550</conceptMapId>
                    <concept reference="266"/>
                    <conceptReferenceTerm id="293" resolves-to="org.openmrs.ConceptReferenceTerm" uuid="89ca89ec-be1d-3514-ade9-2bbf09d29e1a">
                      <creator/>
                      <dateCreated id="294">2013-07-03 04:00:00</dateCreated>
                      <changedBy/>
                      <retired>false</retired>
                      <retiredBy/>
                      <conceptReferenceTermId>216550</conceptReferenceTermId>
                      <conceptSource reference="69"/>
                      <code>159393</code>
                      <conceptReferenceTermMaps id="295"/>
                    </conceptReferenceTerm>
                  </org.openmrs.ConceptMap>
                  <org.openmrs.ConceptMap id="296" uuid="a4358cfb-22db-4f05-9069-bedd730e6dce">
                    <conceptMapType reference="57"/>
                    <creator/>
                    <dateCreated id="297">2013-08-02 21:45:59</dateCreated>
                    <conceptMapId>236536</conceptMapId>
                    <concept reference="266"/>
                    <conceptReferenceTerm id="298" resolves-to="org.openmrs.ConceptReferenceTerm" uuid="f360657f-4365-4819-a50b-754baaf57fcb">
                      <creator/>
                      <dateCreated id="299">2013-08-02 21:45:57</dateCreated>
                      <retired>false</retired>
                      <conceptReferenceTermId>236536</conceptReferenceTermId>
                      <conceptSource reference="62"/>
                      <code>159393</code>
                      <conceptReferenceTermMaps id="300"/>
                    </conceptReferenceTerm>
                  </org.openmrs.ConceptMap>
                </conceptMappings>
              </answerConcept>
              <creator/>
              <dateCreated id="301">2010-08-24 22:54:05</dateCreated>
              <sortWeight>2211.0</sortWeight>
            </org.openmrs.ConceptAnswer>
            <org.openmrs.ConceptAnswer id="302" uuid="3474CCCCCCCCCCCCCCCCCCCCCCCCCCCCCCCC">
              <conceptAnswerId>3474</conceptAnswerId>
              <concept reference="256"/>
              <answerConcept id="303" resolves-to="org.openmrs.Concept" uuid="160250AAAAAAAAAAAAAAAAAAAAAAAAAAAAAA">
                <conceptId>160250</conceptId>
                <retired>false</retired>
                <datatype reference="3"/>
                <conceptClass reference="36"/>
                <set>false</set>
                <creator/>
                <dateCreated id="304">2011-10-31 17:29:22</dateCreated>
                <changedBy/>
                <dateChanged id="305">2013-08-02 21:46:15</dateChanged>
                <names class="set" id="306">
                  <org.openmrs.ConceptName id="307" uuid="108192BBBBBBBBBBBBBBBBBBBBBBBBBBBBBB">
                    <conceptNameId>108192</conceptNameId>
                    <concept reference="303"/>
                    <name>Final diagnosis</name>
                    <locale id="308">en</locale>
                    <creator/>
                    <dateCreated id="309">2011-10-31 17:29:22</dateCreated>
                    <voided>false</voided>
                    <tags class="set" id="310"/>
                    <conceptNameType>FULLY_SPECIFIED</conceptNameType>
                    <localePreferred>true</localePreferred>
                  </org.openmrs.ConceptName>
                </names>
                <answers class="set" id="311"/>
                <conceptSets class="set" id="312"/>
                <descriptions class="set" id="313"/>
                <conceptMappings class="set" id="314">
                  <org.openmrs.ConceptMap id="315" uuid="217382ABBBBBBBBBBBBBBBBBBBBBBBBBBBBB">
                    <conceptMapType reference="57"/>
                    <creator/>
                    <changedBy/>
                    <dateCreated id="316">2013-07-03 22:53:08</dateCreated>
                    <conceptMapId>217382</conceptMapId>
                    <concept reference="303"/>
                    <conceptReferenceTerm id="317" resolves-to="org.openmrs.ConceptReferenceTerm" uuid="d1e9f86d-d698-38a6-91f7-21d5b2d63f28">
                      <creator/>
                      <dateCreated id="318">2013-07-03 04:00:00</dateCreated>
                      <changedBy/>
                      <retired>false</retired>
                      <retiredBy/>
                      <conceptReferenceTermId>217382</conceptReferenceTermId>
                      <conceptSource reference="69"/>
                      <code>160250</code>
                      <conceptReferenceTermMaps id="319"/>
                    </conceptReferenceTerm>
                  </org.openmrs.ConceptMap>
                  <org.openmrs.ConceptMap id="320" uuid="144132ABBBBBBBBBBBBBBBBBBBBBBBBBBBBB">
                    <conceptMapType reference="57"/>
                    <creator/>
                    <changedBy/>
                    <dateCreated id="321">2011-10-31 17:29:22</dateCreated>
                    <conceptMapId>144132</conceptMapId>
                    <concept reference="303"/>
                    <conceptReferenceTerm id="322" resolves-to="org.openmrs.ConceptReferenceTerm" uuid="8947383c-748b-301f-a469-c4152953f86c">
                      <creator/>
                      <dateCreated id="323">2011-10-31 04:00:00</dateCreated>
                      <changedBy/>
                      <retired>false</retired>
                      <retiredBy/>
                      <conceptReferenceTermId>144132</conceptReferenceTermId>
                      <conceptSource reference="76"/>
                      <code>89100005</code>
                      <conceptReferenceTermMaps id="324"/>
                    </conceptReferenceTerm>
                  </org.openmrs.ConceptMap>
                  <org.openmrs.ConceptMap id="325" uuid="8f0931dc-bb44-4d22-af0a-01c3641370bc">
                    <conceptMapType reference="57"/>
                    <creator/>
                    <dateCreated id="326">2013-08-02 21:46:15</dateCreated>
                    <conceptMapId>236539</conceptMapId>
                    <concept reference="303"/>
                    <conceptReferenceTerm id="327" resolves-to="org.openmrs.ConceptReferenceTerm" uuid="74e7536e-a4bc-4740-bdbf-1012635de16e">
                      <creator/>
                      <dateCreated id="328">2013-08-02 21:46:13</dateCreated>
                      <retired>false</retired>
                      <conceptReferenceTermId>236539</conceptReferenceTermId>
                      <conceptSource reference="62"/>
                      <code>160250</code>
                      <conceptReferenceTermMaps id="329"/>
                    </conceptReferenceTerm>
                  </org.openmrs.ConceptMap>
                </conceptMappings>
              </answerConcept>
              <creator/>
              <dateCreated id="330">2011-10-31 17:30:08</dateCreated>
              <sortWeight>3474.0</sortWeight>
            </org.openmrs.ConceptAnswer>
            <org.openmrs.ConceptAnswer id="331" uuid="3473CCCCCCCCCCCCCCCCCCCCCCCCCCCCCCCC">
              <conceptAnswerId>3473</conceptAnswerId>
              <concept reference="256"/>
              <answerConcept id="332" resolves-to="org.openmrs.Concept" uuid="160249AAAAAAAAAAAAAAAAAAAAAAAAAAAAAA">
                <conceptId>160249</conceptId>
                <retired>false</retired>
                <datatype reference="3"/>
                <conceptClass reference="36"/>
                <set>false</set>
                <creator/>
                <dateCreated id="333">2011-10-31 17:26:31</dateCreated>
                <changedBy/>
                <dateChanged id="334">2013-08-02 21:46:11</dateChanged>
                <names class="set" id="335">
                  <org.openmrs.ConceptName id="336" uuid="108191BBBBBBBBBBBBBBBBBBBBBBBBBBBBBB">
                    <conceptNameId>108191</conceptNameId>
                    <concept reference="332"/>
                    <name>Provisional diagnosis</name>
                    <locale id="337">en</locale>
                    <creator/>
                    <dateCreated id="338">2011-10-31 17:26:31</dateCreated>
                    <voided>false</voided>
                    <tags class="set" id="339"/>
                    <conceptNameType>FULLY_SPECIFIED</conceptNameType>
                    <localePreferred>true</localePreferred>
                  </org.openmrs.ConceptName>
                </names>
                <answers class="set" id="340"/>
                <conceptSets class="set" id="341"/>
                <descriptions class="set" id="342"/>
                <conceptMappings class="set" id="343">
                  <org.openmrs.ConceptMap id="344" uuid="144131ABBBBBBBBBBBBBBBBBBBBBBBBBBBBB">
                    <conceptMapType reference="57"/>
                    <creator/>
                    <changedBy/>
                    <dateCreated id="345">2011-10-31 17:26:31</dateCreated>
                    <conceptMapId>144131</conceptMapId>
                    <concept reference="332"/>
                    <conceptReferenceTerm id="346" resolves-to="org.openmrs.ConceptReferenceTerm" uuid="ea6c6e11-1b91-363f-863f-eb7adc431f24">
                      <creator/>
                      <dateCreated id="347">2011-10-31 04:00:00</dateCreated>
                      <changedBy/>
                      <retired>false</retired>
                      <retiredBy/>
                      <conceptReferenceTermId>144131</conceptReferenceTermId>
                      <conceptSource reference="76"/>
                      <code>148006</code>
                      <conceptReferenceTermMaps id="348"/>
                    </conceptReferenceTerm>
                  </org.openmrs.ConceptMap>
                  <org.openmrs.ConceptMap id="349" uuid="217381ABBBBBBBBBBBBBBBBBBBBBBBBBBBBB">
                    <conceptMapType reference="57"/>
                    <creator/>
                    <changedBy/>
                    <dateCreated id="350">2013-07-03 22:53:08</dateCreated>
                    <conceptMapId>217381</conceptMapId>
                    <concept reference="332"/>
                    <conceptReferenceTerm id="351" resolves-to="org.openmrs.ConceptReferenceTerm" uuid="68f21344-b6b7-3b59-b85c-f8f486c65356">
                      <creator/>
                      <dateCreated id="352">2013-07-03 04:00:00</dateCreated>
                      <changedBy/>
                      <retired>false</retired>
                      <retiredBy/>
                      <conceptReferenceTermId>217381</conceptReferenceTermId>
                      <conceptSource reference="69"/>
                      <code>160249</code>
                      <conceptReferenceTermMaps id="353"/>
                    </conceptReferenceTerm>
                  </org.openmrs.ConceptMap>
                  <org.openmrs.ConceptMap id="354" uuid="181b1bd2-ddd2-4bdd-bb55-ae0206b83a50">
                    <conceptMapType reference="57"/>
                    <creator/>
                    <dateCreated id="355">2013-08-02 21:46:11</dateCreated>
                    <conceptMapId>236538</conceptMapId>
                    <concept reference="332"/>
                    <conceptReferenceTerm id="356" resolves-to="org.openmrs.ConceptReferenceTerm" uuid="3c3b2196-3c7c-4e37-80aa-1c269e38af14">
                      <creator/>
                      <dateCreated id="357">2013-08-02 21:46:09</dateCreated>
                      <retired>false</retired>
                      <conceptReferenceTermId>236538</conceptReferenceTermId>
                      <conceptSource reference="62"/>
                      <code>160249</code>
                      <conceptReferenceTermMaps id="358"/>
                    </conceptReferenceTerm>
                  </org.openmrs.ConceptMap>
                </conceptMappings>
              </answerConcept>
              <creator/>
              <dateCreated id="359">2011-10-31 17:30:08</dateCreated>
              <sortWeight>3473.0</sortWeight>
            </org.openmrs.ConceptAnswer>
            <org.openmrs.ConceptAnswer id="360" uuid="2212CCCCCCCCCCCCCCCCCCCCCCCCCCCCCCCC">
              <conceptAnswerId>2212</conceptAnswerId>
              <concept reference="256"/>
              <answerConcept id="361" resolves-to="org.openmrs.Concept" uuid="159392AAAAAAAAAAAAAAAAAAAAAAAAAAAAAA">
                <conceptId>159392</conceptId>
                <retired>false</retired>
                <datatype reference="3"/>
                <conceptClass reference="36"/>
                <set>false</set>
                <creator/>
                <dateCreated id="362">2010-08-24 22:31:58</dateCreated>
                <changedBy/>
                <dateChanged id="363">2013-08-02 21:46:05</dateChanged>
                <names class="set" id="364">
                  <org.openmrs.ConceptName id="365" uuid="106473BBBBBBBBBBBBBBBBBBBBBBBBBBBBBB">
                    <conceptNameId>106473</conceptNameId>
                    <concept reference="361"/>
                    <name>Confirmed diagnosis</name>
                    <locale id="366">en</locale>
                    <creator/>
                    <dateCreated id="367">2010-08-24 22:31:58</dateCreated>
                    <voided>false</voided>
                    <tags class="set" id="368"/>
                    <conceptNameType>FULLY_SPECIFIED</conceptNameType>
                    <localePreferred>true</localePreferred>
                  </org.openmrs.ConceptName>
                  <org.openmrs.ConceptName id="369" uuid="106474BBBBBBBBBBBBBBBBBBBBBBBBBBBBBB">
                    <conceptNameId>106474</conceptNameId>
                    <concept reference="361"/>
                    <name>confirmed</name>
                    <locale id="370">en</locale>
                    <creator/>
                    <dateCreated id="371">2010-08-24 22:44:09</dateCreated>
                    <voided>false</voided>
                    <tags class="set" id="372"/>
                    <localePreferred>false</localePreferred>
                  </org.openmrs.ConceptName>
                </names>
                <answers class="set" id="373"/>
                <conceptSets class="set" id="374"/>
                <descriptions class="set" id="375">
                  <org.openmrs.ConceptDescription id="376" uuid="16024FFFFFFFFFFFFFFFFFFFFFFFFFFFFFFF">
                    <conceptDescriptionId>16024</conceptDescriptionId>
                    <concept reference="361"/>
                    <description>The diagnosis is confirmed, not just presumed.</description>
                    <locale id="377">en</locale>
                    <creator/>
                    <dateCreated id="378">2010-08-24 22:31:58</dateCreated>
                    <changedBy/>
                  </org.openmrs.ConceptDescription>
                </descriptions>
                <conceptMappings class="set" id="379">
                  <org.openmrs.ConceptMap id="380" uuid="9573d3f0-edbb-460f-92ef-c3fbe79ec596">
                    <conceptMapType reference="57"/>
                    <creator/>
                    <dateCreated id="381">2013-08-02 21:46:05</dateCreated>
                    <conceptMapId>236537</conceptMapId>
                    <concept reference="361"/>
                    <conceptReferenceTerm id="382" resolves-to="org.openmrs.ConceptReferenceTerm" uuid="f4faec65-c964-48f8-bd52-3bf0fb661f55">
                      <creator/>
                      <dateCreated id="383">2013-08-02 21:46:03</dateCreated>
                      <retired>false</retired>
                      <conceptReferenceTermId>236537</conceptReferenceTermId>
                      <conceptSource reference="62"/>
                      <code>159392</code>
                      <conceptReferenceTermMaps id="384"/>
                    </conceptReferenceTerm>
                  </org.openmrs.ConceptMap>
                  <org.openmrs.ConceptMap id="385" uuid="136261ABBBBBBBBBBBBBBBBBBBBBBBBBBBBB">
                    <conceptMapType reference="194"/>
                    <creator/>
                    <changedBy/>
                    <dateCreated id="386">2010-10-27 17:17:14</dateCreated>
                    <conceptMapId>136261</conceptMapId>
                    <concept reference="361"/>
                    <conceptReferenceTerm id="387" resolves-to="org.openmrs.ConceptReferenceTerm" uuid="e9844c60-5139-3ff2-bacc-806eb1da4ac1">
                      <creator/>
                      <dateCreated id="388">2010-10-27 04:00:00</dateCreated>
                      <changedBy/>
                      <retired>false</retired>
                      <retiredBy/>
                      <conceptReferenceTermId>136261</conceptReferenceTermId>
                      <conceptSource reference="251"/>
                      <code>6137</code>
                      <conceptReferenceTermMaps id="389"/>
                    </conceptReferenceTerm>
                  </org.openmrs.ConceptMap>
                  <org.openmrs.ConceptMap id="390" uuid="216549ABBBBBBBBBBBBBBBBBBBBBBBBBBBBB">
                    <conceptMapType reference="57"/>
                    <creator/>
                    <changedBy/>
                    <dateCreated id="391">2013-07-03 22:53:08</dateCreated>
                    <conceptMapId>216549</conceptMapId>
                    <concept reference="361"/>
                    <conceptReferenceTerm id="392" resolves-to="org.openmrs.ConceptReferenceTerm" uuid="64b5cd05-9ab7-352b-9975-288e44c4d4e6">
                      <creator/>
                      <dateCreated id="393">2013-07-03 04:00:00</dateCreated>
                      <changedBy/>
                      <retired>false</retired>
                      <retiredBy/>
                      <conceptReferenceTermId>216549</conceptReferenceTermId>
                      <conceptSource reference="69"/>
                      <code>159392</code>
                      <conceptReferenceTermMaps id="394"/>
                    </conceptReferenceTerm>
                  </org.openmrs.ConceptMap>
                  <org.openmrs.ConceptMap id="395" uuid="132794ABBBBBBBBBBBBBBBBBBBBBBBBBBBBB">
                    <conceptMapType reference="57"/>
                    <creator/>
                    <changedBy/>
                    <dateCreated id="396">2010-08-24 22:31:58</dateCreated>
                    <conceptMapId>132794</conceptMapId>
                    <concept reference="361"/>
                    <conceptReferenceTerm id="397" resolves-to="org.openmrs.ConceptReferenceTerm" uuid="1b0a2f3d-1e0a-3ffc-a415-ff1ddc2787ba">
                      <creator/>
                      <dateCreated id="398">2010-08-24 04:00:00</dateCreated>
                      <changedBy/>
                      <retired>false</retired>
                      <retiredBy/>
                      <conceptReferenceTermId>132794</conceptReferenceTermId>
                      <conceptSource reference="190"/>
                      <code>1345</code>
                      <conceptReferenceTermMaps id="399"/>
                    </conceptReferenceTerm>
                  </org.openmrs.ConceptMap>
                  <org.openmrs.ConceptMap id="400" uuid="132793ABBBBBBBBBBBBBBBBBBBBBBBBBBBBB">
                    <conceptMapType reference="57"/>
                    <creator/>
                    <changedBy/>
                    <dateCreated id="401">2010-08-24 22:31:58</dateCreated>
                    <conceptMapId>132793</conceptMapId>
                    <concept reference="361"/>
                    <conceptReferenceTerm id="402" resolves-to="org.openmrs.ConceptReferenceTerm" uuid="a69dafbf-5b89-3c59-a7e2-8c0477ca4bc0">
                      <creator/>
                      <dateCreated id="403">2010-08-24 04:00:00</dateCreated>
                      <changedBy/>
                      <retired>false</retired>
                      <retiredBy/>
                      <conceptReferenceTermId>132793</conceptReferenceTermId>
                      <conceptSource reference="76"/>
                      <code>410605003</code>
                      <conceptReferenceTermMaps id="404"/>
                    </conceptReferenceTerm>
                  </org.openmrs.ConceptMap>
                </conceptMappings>
              </answerConcept>
              <creator/>
              <dateCreated id="405">2010-08-24 22:54:05</dateCreated>
              <sortWeight>2212.0</sortWeight>
            </org.openmrs.ConceptAnswer>
          </answers>
          <conceptSets class="set" id="406"/>
          <descriptions class="set" id="407">
            <org.openmrs.ConceptDescription id="408" uuid="16026FFFFFFFFFFFFFFFFFFFFFFFFFFFFFFF">
              <conceptDescriptionId>16026</conceptDescriptionId>
              <concept reference="256"/>
              <description>The level of the certainty of the diagnosis made.</description>
              <locale id="409">en</locale>
              <creator/>
              <dateCreated id="410">2010-08-24 22:54:05</dateCreated>
              <changedBy/>
            </org.openmrs.ConceptDescription>
          </descriptions>
          <conceptMappings class="set" id="411">
            <org.openmrs.ConceptMap id="412" uuid="132876ABBBBBBBBBBBBBBBBBBBBBBBBBBBBB">
              <conceptMapType reference="57"/>
              <creator/>
              <changedBy/>
              <dateCreated id="413">2010-08-29 01:35:19</dateCreated>
              <conceptMapId>132876</conceptMapId>
              <concept reference="256"/>
              <conceptReferenceTerm id="414" resolves-to="org.openmrs.ConceptReferenceTerm" uuid="2f275b63-a79c-32ca-a6dd-2f9fc41361a8">
                <creator/>
                <dateCreated id="415">2010-08-28 04:00:00</dateCreated>
                <changedBy/>
                <retired>false</retired>
                <retiredBy/>
                <conceptReferenceTermId>132876</conceptReferenceTermId>
                <conceptSource reference="76"/>
                <code>106230009</code>
                <conceptReferenceTermMaps id="416"/>
              </conceptReferenceTerm>
            </org.openmrs.ConceptMap>
            <org.openmrs.ConceptMap id="417" uuid="0112b12a-b3c6-4c81-a363-e25d21ab4735">
              <conceptMapType reference="57"/>
              <creator/>
              <dateCreated id="418">2013-08-02 21:45:56</dateCreated>
              <conceptMapId>236535</conceptMapId>
              <concept reference="256"/>
              <conceptReferenceTerm id="419" resolves-to="org.openmrs.ConceptReferenceTerm" uuid="7db20f29-a58a-42a7-9b04-89584740748e">
                <creator/>
                <dateCreated id="420">2013-08-02 21:45:54</dateCreated>
                <retired>false</retired>
                <conceptReferenceTermId>236535</conceptReferenceTermId>
                <conceptSource reference="62"/>
                <code>159394</code>
                <conceptReferenceTermMaps id="421"/>
              </conceptReferenceTerm>
            </org.openmrs.ConceptMap>
            <org.openmrs.ConceptMap id="422" uuid="216551ABBBBBBBBBBBBBBBBBBBBBBBBBBBBB">
              <conceptMapType reference="57"/>
              <creator/>
              <changedBy/>
              <dateCreated id="423">2013-07-03 22:53:08</dateCreated>
              <conceptMapId>216551</conceptMapId>
              <concept reference="256"/>
              <conceptReferenceTerm id="424" resolves-to="org.openmrs.ConceptReferenceTerm" uuid="048b1b33-9815-32f3-ae7d-6de618088303">
                <creator/>
                <dateCreated id="425">2013-07-03 04:00:00</dateCreated>
                <changedBy/>
                <retired>false</retired>
                <retiredBy/>
                <conceptReferenceTermId>216551</conceptReferenceTermId>
                <conceptSource reference="69"/>
                <code>159394</code>
                <conceptReferenceTermMaps id="426"/>
              </conceptReferenceTerm>
            </org.openmrs.ConceptMap>
          </conceptMappings>
        </concept>
        <conceptSet reference="2"/>
        <sortWeight>2.0</sortWeight>
        <creator/>
        <dateCreated id="427">2010-12-14 07:44:15</dateCreated>
      </org.openmrs.ConceptSet>
      <org.openmrs.ConceptSet id="428" uuid="585AEEEEEEEEEEEEEEEEEEEEEEEEEEEEEEEE">
        <conceptSetId>585</conceptSetId>
        <concept id="429" resolves-to="org.openmrs.Concept" uuid="159948AAAAAAAAAAAAAAAAAAAAAAAAAAAAAA">
          <conceptId>159948</conceptId>
          <retired>false</retired>
          <datatype id="430" resolves-to="org.openmrs.ConceptDatatype" uuid="8d4a505e-c2cc-11de-8d13-0010c6dffd0f">
            <name>Date</name>
            <description>Absolute date</description>
            <creator/>
            <dateCreated id="431">2004-07-22 05:00:00</dateCreated>
            <retired>false</retired>
            <retiredBy/>
            <conceptDatatypeId>6</conceptDatatypeId>
            <hl7Abbreviation>DT</hl7Abbreviation>
          </datatype>
          <conceptClass reference="36"/>
          <set>false</set>
          <creator/>
          <dateCreated id="432">2010-12-14 07:46:18</dateCreated>
          <changedBy/>
          <dateChanged id="433">2013-08-02 21:46:40</dateChanged>
          <names class="set" id="434">
            <org.openmrs.ConceptName id="435" uuid="107503BBBBBBBBBBBBBBBBBBBBBBBBBBBBBB">
              <conceptNameId>107503</conceptNameId>
              <concept reference="429"/>
              <name>Diagnosis date</name>
              <locale id="436">en</locale>
              <creator/>
              <dateCreated id="437">2010-12-14 07:46:18</dateCreated>
              <voided>false</voided>
              <tags class="set" id="438"/>
              <conceptNameType>FULLY_SPECIFIED</conceptNameType>
              <localePreferred>true</localePreferred>
            </org.openmrs.ConceptName>
            <org.openmrs.ConceptName id="439" uuid="123597BBBBBBBBBBBBBBBBBBBBBBBBBBBBBB">
              <conceptNameId>123597</conceptNameId>
              <concept reference="429"/>
              <name>fecha de diagnostico</name>
              <locale id="440">es</locale>
              <creator/>
              <dateCreated id="441">2013-03-13 03:39:10</dateCreated>
              <voided>false</voided>
              <tags class="set" id="442"/>
              <conceptNameType>FULLY_SPECIFIED</conceptNameType>
              <localePreferred>true</localePreferred>
            </org.openmrs.ConceptName>
          </names>
          <answers class="set" id="443"/>
          <conceptSets class="set" id="444"/>
          <descriptions class="set" id="445">
            <org.openmrs.ConceptDescription id="446" uuid="16477FFFFFFFFFFFFFFFFFFFFFFFFFFFFFFF">
              <conceptDescriptionId>16477</conceptDescriptionId>
              <concept reference="429"/>
              <description>The date the diagnosis was first made for the patient.</description>
              <locale id="447">en</locale>
              <creator/>
              <dateCreated id="448">2010-12-14 07:46:18</dateCreated>
              <changedBy/>
              <dateChanged id="449">2013-03-13 03:39:10</dateChanged>
            </org.openmrs.ConceptDescription>
          </descriptions>
          <conceptMappings class="set" id="450">
            <org.openmrs.ConceptMap id="451" uuid="7de99dfc-b370-47aa-8388-f77a79b81158">
              <conceptMapType reference="57"/>
              <creator/>
              <dateCreated id="452">2013-08-02 21:46:40</dateCreated>
              <conceptMapId>236544</conceptMapId>
              <concept reference="429"/>
              <conceptReferenceTerm id="453" resolves-to="org.openmrs.ConceptReferenceTerm" uuid="24eed6ee-d5c0-4a0e-9933-6f968511a59b">
                <creator/>
                <dateCreated id="454">2013-08-02 21:46:38</dateCreated>
                <retired>false</retired>
                <conceptReferenceTermId>236544</conceptReferenceTermId>
                <conceptSource reference="62"/>
                <code>159948</code>
                <conceptReferenceTermMaps id="455"/>
              </conceptReferenceTerm>
            </org.openmrs.ConceptMap>
            <org.openmrs.ConceptMap id="456" uuid="217089ABBBBBBBBBBBBBBBBBBBBBBBBBBBBB">
              <conceptMapType reference="57"/>
              <creator/>
              <changedBy/>
              <dateCreated id="457">2013-07-03 22:53:08</dateCreated>
              <conceptMapId>217089</conceptMapId>
              <concept reference="429"/>
              <conceptReferenceTerm id="458" resolves-to="org.openmrs.ConceptReferenceTerm" uuid="3488ac2e-eaa7-35b8-8440-f6a8b2dddc70">
                <creator/>
                <dateCreated id="459">2013-07-03 04:00:00</dateCreated>
                <changedBy/>
                <retired>false</retired>
                <retiredBy/>
                <conceptReferenceTermId>217089</conceptReferenceTermId>
                <conceptSource reference="69"/>
                <code>159948</code>
                <conceptReferenceTermMaps id="460"/>
              </conceptReferenceTerm>
            </org.openmrs.ConceptMap>
            <org.openmrs.ConceptMap id="461" uuid="137054ABBBBBBBBBBBBBBBBBBBBBBBBBBBBB">
              <conceptMapType reference="57"/>
              <creator/>
              <changedBy/>
              <dateCreated id="462">2010-12-14 07:46:18</dateCreated>
              <conceptMapId>137054</conceptMapId>
              <concept reference="429"/>
              <conceptReferenceTerm id="463" resolves-to="org.openmrs.ConceptReferenceTerm" uuid="ecdb32fb-fde1-3538-a18e-c7b3a830dcd3">
                <creator/>
                <dateCreated id="464">2010-12-14 05:00:00</dateCreated>
                <changedBy/>
                <retired>false</retired>
                <retiredBy/>
                <conceptReferenceTermId>137054</conceptReferenceTermId>
                <conceptSource reference="76"/>
                <code>432213005</code>
                <conceptReferenceTermMaps id="465"/>
              </conceptReferenceTerm>
            </org.openmrs.ConceptMap>
          </conceptMappings>
        </concept>
        <conceptSet reference="2"/>
        <sortWeight>4.0</sortWeight>
        <creator/>
        <dateCreated id="466">2010-12-14 07:46:37</dateCreated>
      </org.openmrs.ConceptSet>
    </conceptSets>
    <descriptions class="set" id="467">
      <org.openmrs.ConceptDescription id="468" uuid="16476FFFFFFFFFFFFFFFFFFFFFFFFFFFFFFF">
        <conceptDescriptionId>16476</conceptDescriptionId>
        <concept reference="2"/>
        <description>The set of diagnoses that were either addressed or diagnosed during the current visit</description>
        <locale id="469">en</locale>
        <creator/>
        <dateCreated id="470">2010-12-14 07:44:15</dateCreated>
        <changedBy/>
        <dateChanged id="471">2013-03-02 12:24:10</dateChanged>
      </org.openmrs.ConceptDescription>
    </descriptions>
    <conceptMappings class="set" id="472">
      <org.openmrs.ConceptMap id="473" uuid="137053ABBBBBBBBBBBBBBBBBBBBBBBBBBBBB">
        <conceptMapType reference="194"/>
        <creator/>
        <changedBy/>
        <dateCreated id="474">2010-12-14 07:44:15</dateCreated>
        <conceptMapId>137053</conceptMapId>
        <concept reference="2"/>
        <conceptReferenceTerm id="475" resolves-to="org.openmrs.ConceptReferenceTerm" uuid="b41a3268-7c36-325c-9020-b710c5316ce3">
          <creator/>
          <dateCreated id="476">2010-12-14 05:00:00</dateCreated>
          <changedBy/>
          <retired>false</retired>
          <retiredBy/>
          <conceptReferenceTermId>137053</conceptReferenceTermId>
          <conceptSource reference="199"/>
          <code>106229004</code>
          <conceptReferenceTermMaps id="477"/>
        </conceptReferenceTerm>
      </org.openmrs.ConceptMap>
      <org.openmrs.ConceptMap id="478" uuid="217088ABBBBBBBBBBBBBBBBBBBBBBBBBBBBB">
        <conceptMapType reference="57"/>
        <creator/>
        <changedBy/>
        <dateCreated id="479">2013-07-03 22:53:08</dateCreated>
        <conceptMapId>217088</conceptMapId>
        <concept reference="2"/>
        <conceptReferenceTerm id="480" resolves-to="org.openmrs.ConceptReferenceTerm" uuid="ab590aa3-0961-3c24-91cd-06d3f612ac6e">
          <creator/>
          <dateCreated id="481">2013-07-03 04:00:00</dateCreated>
          <changedBy/>
          <retired>false</retired>
          <retiredBy/>
          <conceptReferenceTermId>217088</conceptReferenceTermId>
          <conceptSource reference="69"/>
          <code>159947</code>
          <conceptReferenceTermMaps id="482"/>
        </conceptReferenceTerm>
      </org.openmrs.ConceptMap>
      <org.openmrs.ConceptMap id="483" uuid="cdf50a7f-e8a9-4ec9-aacd-a58cedf7c882">
        <conceptMapType reference="57"/>
        <creator/>
        <dateCreated id="484">2013-08-02 21:45:40</dateCreated>
        <conceptMapId>236532</conceptMapId>
        <concept reference="2"/>
        <conceptReferenceTerm id="485" resolves-to="org.openmrs.ConceptReferenceTerm" uuid="55078655-e4d6-445c-94b1-7d5d1fb34b01">
          <creator/>
          <dateCreated id="486">2013-08-02 21:45:37</dateCreated>
          <retired>false</retired>
          <conceptReferenceTermId>236532</conceptReferenceTermId>
          <conceptSource reference="62"/>
          <code>159947</code>
          <conceptReferenceTermMaps id="487"/>
        </conceptReferenceTerm>
      </org.openmrs.ConceptMap>
    </conceptMappings>
  </org.openmrs.Concept>
</list>
