<?xml version="1.0" encoding="UTF-8"?>
<package id="1" uuid="223064fd-4c8b-471f-8914-836233e83ed2">
  <dateCreated id="2">2013-08-04 19:02:59</dateCreated>
  <name>Reference Application Concepts</name>
  <description>Contains concepts required for proper functioning of some features in the reference application</description>
  <openmrsVersion>1.9.3  Build f535e9</openmrsVersion>
  <version>1</version>
  <groupUuid>3697b0fb-99ed-456b-b9ff-285eac616fef</groupUuid>
  <modules id="3">
    <entry>
      <string>uilibrary</string>
      <string>2.0.3.1</string>
    </entry>
    <entry>
      <string>groovy</string>
      <string>2.2.4</string>
    </entry>
    <entry>
      <string>providermanagement</string>
      <string>2.0</string>
    </entry>
    <entry>
      <string>uiframework</string>
      <string>2.6</string>
    </entry>
    <entry>
      <string>htmlformentry</string>
      <string>2.1.2</string>
    </entry>
    <entry>
      <string>htmlformentry19ext</string>
      <string>1.3</string>
    </entry>
    <entry>
      <string>metadatamapping</string>
      <string>1.0.1</string>
    </entry>
    <entry>
      <string>metadatasharing</string>
      <string>1.1.8</string>
    </entry>
    <entry>
      <string>logic</string>
      <string>0.5.2</string>
    </entry>
  </modules>
  <items class="linked-hash-set" id="4">
    <org.openmrs.module.metadatasharing.Item id="5" uuid="159947AAAAAAAAAAAAAAAAAAAAAAAAAAAAAA">
      <id>159947</id>
      <classname>org.openmrs.Concept</classname>
      <dateChanged id="6">2013-08-02 21:45:40</dateChanged>
      <retired>false</retired>
    </org.openmrs.module.metadatasharing.Item>
    <org.openmrs.module.metadatasharing.Item id="7" uuid="226ed7ad-b776-4b99-966d-fd818d3302c2">
      <id>161908</id>
      <classname>org.openmrs.Concept</classname>
      <dateChanged id="8">2013-08-03 22:54:55</dateChanged>
      <retired>false</retired>
    </org.openmrs.module.metadatasharing.Item>
  </items>
  <relatedItems class="linked-hash-set" id="9">
    <org.openmrs.module.metadatasharing.Item id="10" uuid="8d4a4c94-c2cc-11de-8d13-0010c6dffd0f">
      <id>4</id>
      <classname>org.openmrs.ConceptDatatype</classname>
      <dateChanged id="11">2004-02-02 05:00:00</dateChanged>
      <retired>false</retired>
    </org.openmrs.module.metadatasharing.Item>
    <org.openmrs.module.metadatasharing.Item id="12" uuid="8d492594-c2cc-11de-8d13-0010c6dffd0f">
      <id>10</id>
      <classname>org.openmrs.ConceptClass</classname>
      <dateChanged id="13">2004-03-02 05:00:00</dateChanged>
      <retired>false</retired>
    </org.openmrs.module.metadatasharing.Item>
    <org.openmrs.module.metadatasharing.Item id="14" uuid="107502BBBBBBBBBBBBBBBBBBBBBBBBBBBBBB">
      <id>107502</id>
      <classname>org.openmrs.ConceptName</classname>
      <dateChanged id="15">2010-12-14 07:44:15</dateChanged>
    </org.openmrs.module.metadatasharing.Item>
    <org.openmrs.module.metadatasharing.Item id="16" uuid="107501BBBBBBBBBBBBBBBBBBBBBBBBBBBBBB">
      <id>107501</id>
      <classname>org.openmrs.ConceptName</classname>
      <dateChanged id="17">2010-12-14 07:44:15</dateChanged>
    </org.openmrs.module.metadatasharing.Item>
    <org.openmrs.module.metadatasharing.Item id="18" uuid="164AEEEEEEEEEEEEEEEEEEEEEEEEEEEEEEEE">
      <id>164</id>
      <classname>org.openmrs.ConceptSet</classname>
      <dateChanged id="19">2010-12-14 07:44:15</dateChanged>
    </org.openmrs.module.metadatasharing.Item>
    <org.openmrs.module.metadatasharing.Item id="20" uuid="1284AAAAAAAAAAAAAAAAAAAAAAAAAAAAAAAA">
      <id>1284</id>
      <classname>org.openmrs.Concept</classname>
      <dateChanged id="21">2013-08-02 21:45:44</dateChanged>
      <retired>false</retired>
    </org.openmrs.module.metadatasharing.Item>
    <org.openmrs.module.metadatasharing.Item id="22" uuid="8d4a48b6-c2cc-11de-8d13-0010c6dffd0f">
      <id>2</id>
      <classname>org.openmrs.ConceptDatatype</classname>
      <dateChanged id="23">2004-02-02 05:00:00</dateChanged>
      <retired>false</retired>
    </org.openmrs.module.metadatasharing.Item>
    <org.openmrs.module.metadatasharing.Item id="24" uuid="8d491a9a-c2cc-11de-8d13-0010c6dffd0f">
      <id>5</id>
      <classname>org.openmrs.ConceptClass</classname>
      <dateChanged id="25">2004-03-02 05:00:00</dateChanged>
      <retired>false</retired>
    </org.openmrs.module.metadatasharing.Item>
    <org.openmrs.module.metadatasharing.Item id="26" uuid="1368BBBBBBBBBBBBBBBBBBBBBBBBBBBBBBBB">
      <id>1368</id>
      <classname>org.openmrs.ConceptName</classname>
      <dateChanged id="27">2005-02-24 17:33:10</dateChanged>
    </org.openmrs.module.metadatasharing.Item>
    <org.openmrs.module.metadatasharing.Item id="28" uuid="90642BBBBBBBBBBBBBBBBBBBBBBBBBBBBBBB">
      <id>90642</id>
      <classname>org.openmrs.ConceptName</classname>
      <dateChanged id="29">2005-02-24 17:33:10</dateChanged>
    </org.openmrs.module.metadatasharing.Item>
    <org.openmrs.module.metadatasharing.Item id="30" uuid="1287FFFFFFFFFFFFFFFFFFFFFFFFFFFFFFFF">
      <id>1287</id>
      <classname>org.openmrs.ConceptDescription</classname>
      <dateChanged id="31">2005-02-24 17:33:10</dateChanged>
    </org.openmrs.module.metadatasharing.Item>
    <org.openmrs.module.metadatasharing.Item id="32" uuid="43d2723e-833c-44e6-89ba-ca140e8e849a">
      <id>236533</id>
      <classname>org.openmrs.ConceptMap</classname>
      <dateChanged id="33">2013-08-02 21:45:44</dateChanged>
    </org.openmrs.module.metadatasharing.Item>
    <org.openmrs.module.metadatasharing.Item id="34" uuid="35543629-7d8c-11e1-909d-c80aa9edcf4e">
      <id>1</id>
      <classname>org.openmrs.ConceptMapType</classname>
      <dateChanged id="35">2013-08-03 22:51:35</dateChanged>
      <retired>false</retired>
    </org.openmrs.module.metadatasharing.Item>
    <org.openmrs.module.metadatasharing.Item id="36" uuid="720e96d4-915d-4449-930c-b5febcc6c557">
      <id>236533</id>
      <classname>org.openmrs.ConceptReferenceTerm</classname>
      <dateChanged id="37">2013-08-02 21:45:42</dateChanged>
      <retired>false</retired>
    </org.openmrs.module.metadatasharing.Item>
    <org.openmrs.module.metadatasharing.Item id="38" uuid="ccb6a882-2485-4597-af3f-c9715555f424">
      <id>23</id>
      <classname>org.openmrs.ConceptSource</classname>
      <dateChanged id="39">2013-08-02 21:36:06</dateChanged>
      <retired>false</retired>
    </org.openmrs.module.metadatasharing.Item>
    <org.openmrs.module.metadatasharing.Item id="40" uuid="171536ABBBBBBBBBBBBBBBBBBBBBBBBBBBBB">
      <id>171536</id>
      <classname>org.openmrs.ConceptMap</classname>
      <dateChanged id="41">2013-07-03 22:53:08</dateChanged>
    </org.openmrs.module.metadatasharing.Item>
    <org.openmrs.module.metadatasharing.Item id="42" uuid="216d37c4-80c9-3fbd-beec-15857659a9c0">
      <id>171536</id>
      <classname>org.openmrs.ConceptReferenceTerm</classname>
      <dateChanged id="43">2013-07-03 04:00:00</dateChanged>
      <retired>false</retired>
    </org.openmrs.module.metadatasharing.Item>
    <org.openmrs.module.metadatasharing.Item id="44" uuid="21ADDDDDDDDDDDDDDDDDDDDDDDDDDDDDDDDD">
      <id>21</id>
      <classname>org.openmrs.ConceptSource</classname>
      <dateChanged id="45">2013-07-03 19:55:03</dateChanged>
      <retired>false</retired>
    </org.openmrs.module.metadatasharing.Item>
    <org.openmrs.module.metadatasharing.Item id="46" uuid="141719ABBBBBBBBBBBBBBBBBBBBBBBBBBBBB">
      <id>141719</id>
      <classname>org.openmrs.ConceptMap</classname>
      <dateChanged id="47">2011-02-11 21:14:58</dateChanged>
    </org.openmrs.module.metadatasharing.Item>
    <org.openmrs.module.metadatasharing.Item id="48" uuid="96ec5da1-bbdd-3f54-8d26-60c03308acd4">
      <id>141719</id>
      <classname>org.openmrs.ConceptReferenceTerm</classname>
      <dateChanged id="49">2011-02-11 05:00:00</dateChanged>
      <retired>false</retired>
    </org.openmrs.module.metadatasharing.Item>
    <org.openmrs.module.metadatasharing.Item id="50" uuid="14ADDDDDDDDDDDDDDDDDDDDDDDDDDDDDDDDD">
      <id>14</id>
      <classname>org.openmrs.ConceptSource</classname>
      <dateChanged id="51">2010-12-03 23:18:39</dateChanged>
      <retired>false</retired>
    </org.openmrs.module.metadatasharing.Item>
    <org.openmrs.module.metadatasharing.Item id="52" uuid="138235ABBBBBBBBBBBBBBBBBBBBBBBBBBBBB">
      <id>138235</id>
      <classname>org.openmrs.ConceptMap</classname>
      <dateChanged id="53">2011-01-29 22:37:24</dateChanged>
    </org.openmrs.module.metadatasharing.Item>
    <org.openmrs.module.metadatasharing.Item id="54" uuid="43ac5109-7d8c-11e1-909d-c80aa9edcf4e">
      <id>2</id>
      <classname>org.openmrs.ConceptMapType</classname>
      <dateChanged id="55">2013-07-11 04:00:00</dateChanged>
      <retired>false</retired>
    </org.openmrs.module.metadatasharing.Item>
    <org.openmrs.module.metadatasharing.Item id="56" uuid="3482bb75-5597-34d1-b147-d9b1243f52f4">
      <id>138235</id>
      <classname>org.openmrs.ConceptReferenceTerm</classname>
      <dateChanged id="57">2011-01-29 05:00:00</dateChanged>
      <retired>false</retired>
    </org.openmrs.module.metadatasharing.Item>
    <org.openmrs.module.metadatasharing.Item id="58" uuid="2ADDDDDDDDDDDDDDDDDDDDDDDDDDDDDDDDDD">
      <id>2</id>
      <classname>org.openmrs.ConceptSource</classname>
      <dateChanged id="59">2010-04-25 15:12:44</dateChanged>
      <retired>false</retired>
    </org.openmrs.module.metadatasharing.Item>
    <org.openmrs.module.metadatasharing.Item id="60" uuid="134959ABBBBBBBBBBBBBBBBBBBBBBBBBBBBB">
      <id>134959</id>
      <classname>org.openmrs.ConceptMap</classname>
      <dateChanged id="61">2010-10-24 17:09:59</dateChanged>
    </org.openmrs.module.metadatasharing.Item>
    <org.openmrs.module.metadatasharing.Item id="62" uuid="9739343f-9cca-3e14-9406-1c824b5a8b6f">
      <id>134959</id>
      <classname>org.openmrs.ConceptReferenceTerm</classname>
      <dateChanged id="63">2010-10-24 04:00:00</dateChanged>
      <retired>false</retired>
    </org.openmrs.module.metadatasharing.Item>
    <org.openmrs.module.metadatasharing.Item id="64" uuid="13ADDDDDDDDDDDDDDDDDDDDDDDDDDDDDDDDD">
      <id>13</id>
      <classname>org.openmrs.ConceptSource</classname>
      <dateChanged id="65">2010-10-24 21:02:38</dateChanged>
      <retired>false</retired>
    </org.openmrs.module.metadatasharing.Item>
    <org.openmrs.module.metadatasharing.Item id="66" uuid="1137AEEEEEEEEEEEEEEEEEEEEEEEEEEEEEEE">
      <id>1137</id>
      <classname>org.openmrs.ConceptSet</classname>
      <dateChanged id="67">2013-03-02 12:24:10</dateChanged>
    </org.openmrs.module.metadatasharing.Item>
    <org.openmrs.module.metadatasharing.Item id="68" uuid="161602AAAAAAAAAAAAAAAAAAAAAAAAAAAAAA">
      <id>161602</id>
      <classname>org.openmrs.Concept</classname>
      <dateChanged id="69">2013-08-02 21:45:51</dateChanged>
      <retired>false</retired>
    </org.openmrs.module.metadatasharing.Item>
    <org.openmrs.module.metadatasharing.Item id="70" uuid="8d4a4ab4-c2cc-11de-8d13-0010c6dffd0f">
      <id>3</id>
      <classname>org.openmrs.ConceptDatatype</classname>
      <dateChanged id="71">2004-02-02 05:00:00</dateChanged>
      <retired>false</retired>
    </org.openmrs.module.metadatasharing.Item>
    <org.openmrs.module.metadatasharing.Item id="72" uuid="8d4918b0-c2cc-11de-8d13-0010c6dffd0f">
      <id>4</id>
      <classname>org.openmrs.ConceptClass</classname>
      <dateChanged id="73">2004-02-02 05:00:00</dateChanged>
      <retired>false</retired>
    </org.openmrs.module.metadatasharing.Item>
    <org.openmrs.module.metadatasharing.Item id="74" uuid="123497BBBBBBBBBBBBBBBBBBBBBBBBBBBBBB">
      <id>123497</id>
      <classname>org.openmrs.ConceptName</classname>
      <dateChanged id="75">2013-03-02 12:23:11</dateChanged>
    </org.openmrs.module.metadatasharing.Item>
    <org.openmrs.module.metadatasharing.Item id="76" uuid="17113FFFFFFFFFFFFFFFFFFFFFFFFFFFFFFF">
      <id>17113</id>
      <classname>org.openmrs.ConceptDescription</classname>
      <dateChanged id="77">2013-03-02 12:23:11</dateChanged>
    </org.openmrs.module.metadatasharing.Item>
    <org.openmrs.module.metadatasharing.Item id="78" uuid="9ba29d92-507c-4bcb-b867-ff48166e0ec2">
      <id>236534</id>
      <classname>org.openmrs.ConceptMap</classname>
      <dateChanged id="79">2013-08-02 21:45:51</dateChanged>
    </org.openmrs.module.metadatasharing.Item>
    <org.openmrs.module.metadatasharing.Item id="80" uuid="20a35cb3-e36d-4fcd-98a2-3ee0b9c0d25a">
      <id>236534</id>
      <classname>org.openmrs.ConceptReferenceTerm</classname>
      <dateChanged id="81">2013-08-02 21:45:49</dateChanged>
      <retired>false</retired>
    </org.openmrs.module.metadatasharing.Item>
    <org.openmrs.module.metadatasharing.Item id="82" uuid="170485ABBBBBBBBBBBBBBBBBBBBBBBBBBBBB">
      <id>170485</id>
      <classname>org.openmrs.ConceptMap</classname>
      <dateChanged id="83">2013-03-02 12:23:11</dateChanged>
    </org.openmrs.module.metadatasharing.Item>
    <org.openmrs.module.metadatasharing.Item id="84" uuid="5083391f-7847-3dc2-ae13-aadafb666044">
      <id>170485</id>
      <classname>org.openmrs.ConceptReferenceTerm</classname>
      <dateChanged id="85">2013-03-02 05:00:00</dateChanged>
      <retired>false</retired>
    </org.openmrs.module.metadatasharing.Item>
    <org.openmrs.module.metadatasharing.Item id="86" uuid="fb9aaaf1-65e2-4c18-b53c-16b575f2f385">
      <id>11</id>
      <classname>org.openmrs.ConceptSource</classname>
      <dateChanged id="87">2010-08-03 05:50:49</dateChanged>
      <retired>false</retired>
    </org.openmrs.module.metadatasharing.Item>
    <org.openmrs.module.metadatasharing.Item id="88" uuid="170484ABBBBBBBBBBBBBBBBBBBBBBBBBBBBB">
      <id>170484</id>
      <classname>org.openmrs.ConceptMap</classname>
      <dateChanged id="89">2013-03-02 12:23:11</dateChanged>
    </org.openmrs.module.metadatasharing.Item>
    <org.openmrs.module.metadatasharing.Item id="90" uuid="218712ABBBBBBBBBBBBBBBBBBBBBBBBBBBBB">
      <id>218712</id>
      <classname>org.openmrs.ConceptMap</classname>
      <dateChanged id="91">2013-07-03 22:53:08</dateChanged>
    </org.openmrs.module.metadatasharing.Item>
    <org.openmrs.module.metadatasharing.Item id="92" uuid="f3355e86-4a0a-3a69-97a7-c10bf68f3ec6">
      <id>218712</id>
      <classname>org.openmrs.ConceptReferenceTerm</classname>
      <dateChanged id="93">2013-07-03 04:00:00</dateChanged>
      <retired>false</retired>
    </org.openmrs.module.metadatasharing.Item>
    <org.openmrs.module.metadatasharing.Item id="94" uuid="564AEEEEEEEEEEEEEEEEEEEEEEEEEEEEEEEE">
      <id>564</id>
      <classname>org.openmrs.ConceptSet</classname>
      <dateChanged id="95">2010-12-14 07:44:15</dateChanged>
    </org.openmrs.module.metadatasharing.Item>
    <org.openmrs.module.metadatasharing.Item id="96" uuid="159394AAAAAAAAAAAAAAAAAAAAAAAAAAAAAA">
      <id>159394</id>
      <classname>org.openmrs.Concept</classname>
      <dateChanged id="97">2013-08-02 21:45:56</dateChanged>
      <retired>false</retired>
    </org.openmrs.module.metadatasharing.Item>
    <org.openmrs.module.metadatasharing.Item id="98" uuid="106476BBBBBBBBBBBBBBBBBBBBBBBBBBBBBB">
      <id>106476</id>
      <classname>org.openmrs.ConceptName</classname>
      <dateChanged id="99">2010-08-24 22:54:05</dateChanged>
    </org.openmrs.module.metadatasharing.Item>
    <org.openmrs.module.metadatasharing.Item id="100" uuid="2211CCCCCCCCCCCCCCCCCCCCCCCCCCCCCCCC">
      <id>2211</id>
      <classname>org.openmrs.ConceptAnswer</classname>
      <dateChanged id="101">2010-08-24 22:54:05</dateChanged>
    </org.openmrs.module.metadatasharing.Item>
    <org.openmrs.module.metadatasharing.Item id="102" uuid="159393AAAAAAAAAAAAAAAAAAAAAAAAAAAAAA">
      <id>159393</id>
      <classname>org.openmrs.Concept</classname>
      <dateChanged id="103">2013-08-02 21:45:59</dateChanged>
      <retired>false</retired>
    </org.openmrs.module.metadatasharing.Item>
    <org.openmrs.module.metadatasharing.Item id="104" uuid="8d492774-c2cc-11de-8d13-0010c6dffd0f">
      <id>11</id>
      <classname>org.openmrs.ConceptClass</classname>
      <dateChanged id="105">2004-03-02 05:00:00</dateChanged>
      <retired>false</retired>
    </org.openmrs.module.metadatasharing.Item>
    <org.openmrs.module.metadatasharing.Item id="106" uuid="106475BBBBBBBBBBBBBBBBBBBBBBBBBBBBBB">
      <id>106475</id>
      <classname>org.openmrs.ConceptName</classname>
      <dateChanged id="107">2010-08-24 22:49:47</dateChanged>
    </org.openmrs.module.metadatasharing.Item>
    <org.openmrs.module.metadatasharing.Item id="108" uuid="16025FFFFFFFFFFFFFFFFFFFFFFFFFFFFFFF">
      <id>16025</id>
      <classname>org.openmrs.ConceptDescription</classname>
      <dateChanged id="109">2010-08-24 22:49:47</dateChanged>
    </org.openmrs.module.metadatasharing.Item>
    <org.openmrs.module.metadatasharing.Item id="110" uuid="132796ABBBBBBBBBBBBBBBBBBBBBBBBBBBBB">
      <id>132796</id>
      <classname>org.openmrs.ConceptMap</classname>
      <dateChanged id="111">2010-08-24 22:49:47</dateChanged>
    </org.openmrs.module.metadatasharing.Item>
    <org.openmrs.module.metadatasharing.Item id="112" uuid="d85c74ad-0aff-3962-8c8e-100e2801048a">
      <id>132796</id>
      <classname>org.openmrs.ConceptReferenceTerm</classname>
      <dateChanged id="113">2010-08-24 04:00:00</dateChanged>
      <retired>false</retired>
    </org.openmrs.module.metadatasharing.Item>
    <org.openmrs.module.metadatasharing.Item id="114" uuid="132795ABBBBBBBBBBBBBBBBBBBBBBBBBBBBB">
      <id>132795</id>
      <classname>org.openmrs.ConceptMap</classname>
      <dateChanged id="115">2010-08-24 22:49:47</dateChanged>
    </org.openmrs.module.metadatasharing.Item>
    <org.openmrs.module.metadatasharing.Item id="116" uuid="b9c22911-7ff8-3608-a322-1420caa93026">
      <id>132795</id>
      <classname>org.openmrs.ConceptReferenceTerm</classname>
      <dateChanged id="117">2010-08-24 04:00:00</dateChanged>
      <retired>false</retired>
    </org.openmrs.module.metadatasharing.Item>
    <org.openmrs.module.metadatasharing.Item id="118" uuid="1ADDDDDDDDDDDDDDDDDDDDDDDDDDDDDDDDDD">
      <id>1</id>
      <classname>org.openmrs.ConceptSource</classname>
      <dateChanged id="119">2009-11-20 01:19:16</dateChanged>
      <retired>false</retired>
    </org.openmrs.module.metadatasharing.Item>
    <org.openmrs.module.metadatasharing.Item id="120" uuid="216550ABBBBBBBBBBBBBBBBBBBBBBBBBBBBB">
      <id>216550</id>
      <classname>org.openmrs.ConceptMap</classname>
      <dateChanged id="121">2013-07-03 22:53:08</dateChanged>
    </org.openmrs.module.metadatasharing.Item>
    <org.openmrs.module.metadatasharing.Item id="122" uuid="89ca89ec-be1d-3514-ade9-2bbf09d29e1a">
      <id>216550</id>
      <classname>org.openmrs.ConceptReferenceTerm</classname>
      <dateChanged id="123">2013-07-03 04:00:00</dateChanged>
      <retired>false</retired>
    </org.openmrs.module.metadatasharing.Item>
    <org.openmrs.module.metadatasharing.Item id="124" uuid="a4358cfb-22db-4f05-9069-bedd730e6dce">
      <id>236536</id>
      <classname>org.openmrs.ConceptMap</classname>
      <dateChanged id="125">2013-08-02 21:45:59</dateChanged>
    </org.openmrs.module.metadatasharing.Item>
    <org.openmrs.module.metadatasharing.Item id="126" uuid="f360657f-4365-4819-a50b-754baaf57fcb">
      <id>236536</id>
      <classname>org.openmrs.ConceptReferenceTerm</classname>
      <dateChanged id="127">2013-08-02 21:45:57</dateChanged>
      <retired>false</retired>
    </org.openmrs.module.metadatasharing.Item>
    <org.openmrs.module.metadatasharing.Item id="128" uuid="2212CCCCCCCCCCCCCCCCCCCCCCCCCCCCCCCC">
      <id>2212</id>
      <classname>org.openmrs.ConceptAnswer</classname>
      <dateChanged id="129">2010-08-24 22:54:05</dateChanged>
    </org.openmrs.module.metadatasharing.Item>
    <org.openmrs.module.metadatasharing.Item id="130" uuid="159392AAAAAAAAAAAAAAAAAAAAAAAAAAAAAA">
      <id>159392</id>
      <classname>org.openmrs.Concept</classname>
      <dateChanged id="131">2013-08-02 21:46:05</dateChanged>
      <retired>false</retired>
    </org.openmrs.module.metadatasharing.Item>
    <org.openmrs.module.metadatasharing.Item id="132" uuid="106473BBBBBBBBBBBBBBBBBBBBBBBBBBBBBB">
      <id>106473</id>
      <classname>org.openmrs.ConceptName</classname>
      <dateChanged id="133">2010-08-24 22:31:58</dateChanged>
    </org.openmrs.module.metadatasharing.Item>
    <org.openmrs.module.metadatasharing.Item id="134" uuid="106474BBBBBBBBBBBBBBBBBBBBBBBBBBBBBB">
      <id>106474</id>
      <classname>org.openmrs.ConceptName</classname>
      <dateChanged id="135">2010-08-24 22:44:09</dateChanged>
    </org.openmrs.module.metadatasharing.Item>
    <org.openmrs.module.metadatasharing.Item id="136" uuid="16024FFFFFFFFFFFFFFFFFFFFFFFFFFFFFFF">
      <id>16024</id>
      <classname>org.openmrs.ConceptDescription</classname>
      <dateChanged id="137">2010-08-24 22:31:58</dateChanged>
    </org.openmrs.module.metadatasharing.Item>
    <org.openmrs.module.metadatasharing.Item id="138" uuid="9573d3f0-edbb-460f-92ef-c3fbe79ec596">
      <id>236537</id>
      <classname>org.openmrs.ConceptMap</classname>
      <dateChanged id="139">2013-08-02 21:46:05</dateChanged>
    </org.openmrs.module.metadatasharing.Item>
    <org.openmrs.module.metadatasharing.Item id="140" uuid="f4faec65-c964-48f8-bd52-3bf0fb661f55">
      <id>236537</id>
      <classname>org.openmrs.ConceptReferenceTerm</classname>
      <dateChanged id="141">2013-08-02 21:46:03</dateChanged>
      <retired>false</retired>
    </org.openmrs.module.metadatasharing.Item>
    <org.openmrs.module.metadatasharing.Item id="142" uuid="216549ABBBBBBBBBBBBBBBBBBBBBBBBBBBBB">
      <id>216549</id>
      <classname>org.openmrs.ConceptMap</classname>
      <dateChanged id="143">2013-07-03 22:53:08</dateChanged>
    </org.openmrs.module.metadatasharing.Item>
    <org.openmrs.module.metadatasharing.Item id="144" uuid="64b5cd05-9ab7-352b-9975-288e44c4d4e6">
      <id>216549</id>
      <classname>org.openmrs.ConceptReferenceTerm</classname>
      <dateChanged id="145">2013-07-03 04:00:00</dateChanged>
      <retired>false</retired>
    </org.openmrs.module.metadatasharing.Item>
    <org.openmrs.module.metadatasharing.Item id="146" uuid="136261ABBBBBBBBBBBBBBBBBBBBBBBBBBBBB">
      <id>136261</id>
      <classname>org.openmrs.ConceptMap</classname>
      <dateChanged id="147">2010-10-27 17:17:14</dateChanged>
    </org.openmrs.module.metadatasharing.Item>
    <org.openmrs.module.metadatasharing.Item id="148" uuid="e9844c60-5139-3ff2-bacc-806eb1da4ac1">
      <id>136261</id>
      <classname>org.openmrs.ConceptReferenceTerm</classname>
      <dateChanged id="149">2010-10-27 04:00:00</dateChanged>
      <retired>false</retired>
    </org.openmrs.module.metadatasharing.Item>
    <org.openmrs.module.metadatasharing.Item id="150" uuid="132794ABBBBBBBBBBBBBBBBBBBBBBBBBBBBB">
      <id>132794</id>
      <classname>org.openmrs.ConceptMap</classname>
      <dateChanged id="151">2010-08-24 22:31:58</dateChanged>
    </org.openmrs.module.metadatasharing.Item>
    <org.openmrs.module.metadatasharing.Item id="152" uuid="1b0a2f3d-1e0a-3ffc-a415-ff1ddc2787ba">
      <id>132794</id>
      <classname>org.openmrs.ConceptReferenceTerm</classname>
      <dateChanged id="153">2010-08-24 04:00:00</dateChanged>
      <retired>false</retired>
    </org.openmrs.module.metadatasharing.Item>
    <org.openmrs.module.metadatasharing.Item id="154" uuid="132793ABBBBBBBBBBBBBBBBBBBBBBBBBBBBB">
      <id>132793</id>
      <classname>org.openmrs.ConceptMap</classname>
      <dateChanged id="155">2010-08-24 22:31:58</dateChanged>
    </org.openmrs.module.metadatasharing.Item>
    <org.openmrs.module.metadatasharing.Item id="156" uuid="a69dafbf-5b89-3c59-a7e2-8c0477ca4bc0">
      <id>132793</id>
      <classname>org.openmrs.ConceptReferenceTerm</classname>
      <dateChanged id="157">2010-08-24 04:00:00</dateChanged>
      <retired>false</retired>
    </org.openmrs.module.metadatasharing.Item>
    <org.openmrs.module.metadatasharing.Item id="158" uuid="3473CCCCCCCCCCCCCCCCCCCCCCCCCCCCCCCC">
      <id>3473</id>
      <classname>org.openmrs.ConceptAnswer</classname>
      <dateChanged id="159">2011-10-31 17:30:08</dateChanged>
    </org.openmrs.module.metadatasharing.Item>
    <org.openmrs.module.metadatasharing.Item id="160" uuid="160249AAAAAAAAAAAAAAAAAAAAAAAAAAAAAA">
      <id>160249</id>
      <classname>org.openmrs.Concept</classname>
      <dateChanged id="161">2013-08-02 21:46:11</dateChanged>
      <retired>false</retired>
    </org.openmrs.module.metadatasharing.Item>
    <org.openmrs.module.metadatasharing.Item id="162" uuid="108191BBBBBBBBBBBBBBBBBBBBBBBBBBBBBB">
      <id>108191</id>
      <classname>org.openmrs.ConceptName</classname>
      <dateChanged id="163">2011-10-31 17:26:31</dateChanged>
    </org.openmrs.module.metadatasharing.Item>
    <org.openmrs.module.metadatasharing.Item id="164" uuid="144131ABBBBBBBBBBBBBBBBBBBBBBBBBBBBB">
      <id>144131</id>
      <classname>org.openmrs.ConceptMap</classname>
      <dateChanged id="165">2011-10-31 17:26:31</dateChanged>
    </org.openmrs.module.metadatasharing.Item>
    <org.openmrs.module.metadatasharing.Item id="166" uuid="ea6c6e11-1b91-363f-863f-eb7adc431f24">
      <id>144131</id>
      <classname>org.openmrs.ConceptReferenceTerm</classname>
      <dateChanged id="167">2011-10-31 04:00:00</dateChanged>
      <retired>false</retired>
    </org.openmrs.module.metadatasharing.Item>
    <org.openmrs.module.metadatasharing.Item id="168" uuid="217381ABBBBBBBBBBBBBBBBBBBBBBBBBBBBB">
      <id>217381</id>
      <classname>org.openmrs.ConceptMap</classname>
      <dateChanged id="169">2013-07-03 22:53:08</dateChanged>
    </org.openmrs.module.metadatasharing.Item>
    <org.openmrs.module.metadatasharing.Item id="170" uuid="68f21344-b6b7-3b59-b85c-f8f486c65356">
      <id>217381</id>
      <classname>org.openmrs.ConceptReferenceTerm</classname>
      <dateChanged id="171">2013-07-03 04:00:00</dateChanged>
      <retired>false</retired>
    </org.openmrs.module.metadatasharing.Item>
    <org.openmrs.module.metadatasharing.Item id="172" uuid="181b1bd2-ddd2-4bdd-bb55-ae0206b83a50">
      <id>236538</id>
      <classname>org.openmrs.ConceptMap</classname>
      <dateChanged id="173">2013-08-02 21:46:11</dateChanged>
    </org.openmrs.module.metadatasharing.Item>
    <org.openmrs.module.metadatasharing.Item id="174" uuid="3c3b2196-3c7c-4e37-80aa-1c269e38af14">
      <id>236538</id>
      <classname>org.openmrs.ConceptReferenceTerm</classname>
      <dateChanged id="175">2013-08-02 21:46:09</dateChanged>
      <retired>false</retired>
    </org.openmrs.module.metadatasharing.Item>
    <org.openmrs.module.metadatasharing.Item id="176" uuid="3474CCCCCCCCCCCCCCCCCCCCCCCCCCCCCCCC">
      <id>3474</id>
      <classname>org.openmrs.ConceptAnswer</classname>
      <dateChanged id="177">2011-10-31 17:30:08</dateChanged>
    </org.openmrs.module.metadatasharing.Item>
    <org.openmrs.module.metadatasharing.Item id="178" uuid="160250AAAAAAAAAAAAAAAAAAAAAAAAAAAAAA">
      <id>160250</id>
      <classname>org.openmrs.Concept</classname>
      <dateChanged id="179">2013-08-02 21:46:15</dateChanged>
      <retired>false</retired>
    </org.openmrs.module.metadatasharing.Item>
    <org.openmrs.module.metadatasharing.Item id="180" uuid="108192BBBBBBBBBBBBBBBBBBBBBBBBBBBBBB">
      <id>108192</id>
      <classname>org.openmrs.ConceptName</classname>
      <dateChanged id="181">2011-10-31 17:29:22</dateChanged>
    </org.openmrs.module.metadatasharing.Item>
    <org.openmrs.module.metadatasharing.Item id="182" uuid="217382ABBBBBBBBBBBBBBBBBBBBBBBBBBBBB">
      <id>217382</id>
      <classname>org.openmrs.ConceptMap</classname>
      <dateChanged id="183">2013-07-03 22:53:08</dateChanged>
    </org.openmrs.module.metadatasharing.Item>
    <org.openmrs.module.metadatasharing.Item id="184" uuid="d1e9f86d-d698-38a6-91f7-21d5b2d63f28">
      <id>217382</id>
      <classname>org.openmrs.ConceptReferenceTerm</classname>
      <dateChanged id="185">2013-07-03 04:00:00</dateChanged>
      <retired>false</retired>
    </org.openmrs.module.metadatasharing.Item>
    <org.openmrs.module.metadatasharing.Item id="186" uuid="144132ABBBBBBBBBBBBBBBBBBBBBBBBBBBBB">
      <id>144132</id>
      <classname>org.openmrs.ConceptMap</classname>
      <dateChanged id="187">2011-10-31 17:29:22</dateChanged>
    </org.openmrs.module.metadatasharing.Item>
    <org.openmrs.module.metadatasharing.Item id="188" uuid="8947383c-748b-301f-a469-c4152953f86c">
      <id>144132</id>
      <classname>org.openmrs.ConceptReferenceTerm</classname>
      <dateChanged id="189">2011-10-31 04:00:00</dateChanged>
      <retired>false</retired>
    </org.openmrs.module.metadatasharing.Item>
    <org.openmrs.module.metadatasharing.Item id="190" uuid="8f0931dc-bb44-4d22-af0a-01c3641370bc">
      <id>236539</id>
      <classname>org.openmrs.ConceptMap</classname>
      <dateChanged id="191">2013-08-02 21:46:15</dateChanged>
    </org.openmrs.module.metadatasharing.Item>
    <org.openmrs.module.metadatasharing.Item id="192" uuid="74e7536e-a4bc-4740-bdbf-1012635de16e">
      <id>236539</id>
      <classname>org.openmrs.ConceptReferenceTerm</classname>
      <dateChanged id="193">2013-08-02 21:46:13</dateChanged>
      <retired>false</retired>
    </org.openmrs.module.metadatasharing.Item>
    <org.openmrs.module.metadatasharing.Item id="194" uuid="16026FFFFFFFFFFFFFFFFFFFFFFFFFFFFFFF">
      <id>16026</id>
      <classname>org.openmrs.ConceptDescription</classname>
      <dateChanged id="195">2010-08-24 22:54:05</dateChanged>
    </org.openmrs.module.metadatasharing.Item>
    <org.openmrs.module.metadatasharing.Item id="196" uuid="132876ABBBBBBBBBBBBBBBBBBBBBBBBBBBBB">
      <id>132876</id>
      <classname>org.openmrs.ConceptMap</classname>
      <dateChanged id="197">2010-08-29 01:35:19</dateChanged>
    </org.openmrs.module.metadatasharing.Item>
    <org.openmrs.module.metadatasharing.Item id="198" uuid="2f275b63-a79c-32ca-a6dd-2f9fc41361a8">
      <id>132876</id>
      <classname>org.openmrs.ConceptReferenceTerm</classname>
      <dateChanged id="199">2010-08-28 04:00:00</dateChanged>
      <retired>false</retired>
    </org.openmrs.module.metadatasharing.Item>
    <org.openmrs.module.metadatasharing.Item id="200" uuid="0112b12a-b3c6-4c81-a363-e25d21ab4735">
      <id>236535</id>
      <classname>org.openmrs.ConceptMap</classname>
      <dateChanged id="201">2013-08-02 21:45:56</dateChanged>
    </org.openmrs.module.metadatasharing.Item>
    <org.openmrs.module.metadatasharing.Item id="202" uuid="7db20f29-a58a-42a7-9b04-89584740748e">
      <id>236535</id>
      <classname>org.openmrs.ConceptReferenceTerm</classname>
      <dateChanged id="203">2013-08-02 21:45:54</dateChanged>
      <retired>false</retired>
    </org.openmrs.module.metadatasharing.Item>
    <org.openmrs.module.metadatasharing.Item id="204" uuid="216551ABBBBBBBBBBBBBBBBBBBBBBBBBBBBB">
      <id>216551</id>
      <classname>org.openmrs.ConceptMap</classname>
      <dateChanged id="205">2013-07-03 22:53:08</dateChanged>
    </org.openmrs.module.metadatasharing.Item>
    <org.openmrs.module.metadatasharing.Item id="206" uuid="048b1b33-9815-32f3-ae7d-6de618088303">
      <id>216551</id>
      <classname>org.openmrs.ConceptReferenceTerm</classname>
      <dateChanged id="207">2013-07-03 04:00:00</dateChanged>
      <retired>false</retired>
    </org.openmrs.module.metadatasharing.Item>
    <org.openmrs.module.metadatasharing.Item id="208" uuid="584AEEEEEEEEEEEEEEEEEEEEEEEEEEEEEEEE">
      <id>584</id>
      <classname>org.openmrs.ConceptSet</classname>
      <dateChanged id="209">2010-12-14 07:44:15</dateChanged>
    </org.openmrs.module.metadatasharing.Item>
    <org.openmrs.module.metadatasharing.Item id="210" uuid="159946AAAAAAAAAAAAAAAAAAAAAAAAAAAAAA">
      <id>159946</id>
      <classname>org.openmrs.Concept</classname>
      <dateChanged id="211">2013-08-02 21:46:21</dateChanged>
      <retired>false</retired>
    </org.openmrs.module.metadatasharing.Item>
    <org.openmrs.module.metadatasharing.Item id="212" uuid="107497BBBBBBBBBBBBBBBBBBBBBBBBBBBBBB">
      <id>107497</id>
      <classname>org.openmrs.ConceptName</classname>
      <dateChanged id="213">2010-12-05 03:02:33</dateChanged>
    </org.openmrs.module.metadatasharing.Item>
    <org.openmrs.module.metadatasharing.Item id="214" uuid="2980CCCCCCCCCCCCCCCCCCCCCCCCCCCCCCCC">
      <id>2980</id>
      <classname>org.openmrs.ConceptAnswer</classname>
      <dateChanged id="215">2010-12-05 03:02:33</dateChanged>
    </org.openmrs.module.metadatasharing.Item>
    <org.openmrs.module.metadatasharing.Item id="216" uuid="159944AAAAAAAAAAAAAAAAAAAAAAAAAAAAAA">
      <id>159944</id>
      <classname>org.openmrs.Concept</classname>
      <dateChanged id="217">2013-08-02 21:46:24</dateChanged>
      <retired>false</retired>
    </org.openmrs.module.metadatasharing.Item>
    <org.openmrs.module.metadatasharing.Item id="218" uuid="107495BBBBBBBBBBBBBBBBBBBBBBBBBBBBBB">
      <id>107495</id>
      <classname>org.openmrs.ConceptName</classname>
      <dateChanged id="219">2010-12-05 02:53:25</dateChanged>
    </org.openmrs.module.metadatasharing.Item>
    <org.openmrs.module.metadatasharing.Item id="220" uuid="16473FFFFFFFFFFFFFFFFFFFFFFFFFFFFFFF">
      <id>16473</id>
      <classname>org.openmrs.ConceptDescription</classname>
      <dateChanged id="221">2010-12-05 02:53:25</dateChanged>
    </org.openmrs.module.metadatasharing.Item>
    <org.openmrs.module.metadatasharing.Item id="222" uuid="217085ABBBBBBBBBBBBBBBBBBBBBBBBBBBBB">
      <id>217085</id>
      <classname>org.openmrs.ConceptMap</classname>
      <dateChanged id="223">2013-07-03 22:53:08</dateChanged>
    </org.openmrs.module.metadatasharing.Item>
    <org.openmrs.module.metadatasharing.Item id="224" uuid="3bddc454-c216-303a-a0e0-c9ebf834817b">
      <id>217085</id>
      <classname>org.openmrs.ConceptReferenceTerm</classname>
      <dateChanged id="225">2013-07-03 04:00:00</dateChanged>
      <retired>false</retired>
    </org.openmrs.module.metadatasharing.Item>
    <org.openmrs.module.metadatasharing.Item id="226" uuid="6f9a02b8-e0e0-4a4c-9b0c-fcc65deee0e7">
      <id>236541</id>
      <classname>org.openmrs.ConceptMap</classname>
      <dateChanged id="227">2013-08-02 21:46:24</dateChanged>
    </org.openmrs.module.metadatasharing.Item>
    <org.openmrs.module.metadatasharing.Item id="228" uuid="59068727-450f-40b3-8a3e-634161e69242">
      <id>236541</id>
      <classname>org.openmrs.ConceptReferenceTerm</classname>
      <dateChanged id="229">2013-08-02 21:46:22</dateChanged>
      <retired>false</retired>
    </org.openmrs.module.metadatasharing.Item>
    <org.openmrs.module.metadatasharing.Item id="230" uuid="137044ABBBBBBBBBBBBBBBBBBBBBBBBBBBBB">
      <id>137044</id>
      <classname>org.openmrs.ConceptMap</classname>
      <dateChanged id="231">2010-12-05 02:53:25</dateChanged>
    </org.openmrs.module.metadatasharing.Item>
    <org.openmrs.module.metadatasharing.Item id="232" uuid="1aa11f81-340c-3ec4-bdc0-49be83fa2f7e">
      <id>137044</id>
      <classname>org.openmrs.ConceptReferenceTerm</classname>
      <dateChanged id="233">2010-12-04 05:00:00</dateChanged>
      <retired>false</retired>
    </org.openmrs.module.metadatasharing.Item>
    <org.openmrs.module.metadatasharing.Item id="234" uuid="2981CCCCCCCCCCCCCCCCCCCCCCCCCCCCCCCC">
      <id>2981</id>
      <classname>org.openmrs.ConceptAnswer</classname>
      <dateChanged id="235">2010-12-05 03:02:33</dateChanged>
    </org.openmrs.module.metadatasharing.Item>
    <org.openmrs.module.metadatasharing.Item id="236" uuid="159943AAAAAAAAAAAAAAAAAAAAAAAAAAAAAA">
      <id>159943</id>
      <classname>org.openmrs.Concept</classname>
      <dateChanged id="237">2013-08-02 21:46:28</dateChanged>
      <retired>false</retired>
    </org.openmrs.module.metadatasharing.Item>
    <org.openmrs.module.metadatasharing.Item id="238" uuid="107493BBBBBBBBBBBBBBBBBBBBBBBBBBBBBB">
      <id>107493</id>
      <classname>org.openmrs.ConceptName</classname>
      <dateChanged id="239">2010-12-05 02:52:08</dateChanged>
    </org.openmrs.module.metadatasharing.Item>
    <org.openmrs.module.metadatasharing.Item id="240" uuid="107494BBBBBBBBBBBBBBBBBBBBBBBBBBBBBB">
      <id>107494</id>
      <classname>org.openmrs.ConceptName</classname>
      <dateChanged id="241">2010-12-05 02:52:08</dateChanged>
    </org.openmrs.module.metadatasharing.Item>
    <org.openmrs.module.metadatasharing.Item id="242" uuid="16472FFFFFFFFFFFFFFFFFFFFFFFFFFFFFFF">
      <id>16472</id>
      <classname>org.openmrs.ConceptDescription</classname>
      <dateChanged id="243">2010-12-05 02:52:08</dateChanged>
    </org.openmrs.module.metadatasharing.Item>
    <org.openmrs.module.metadatasharing.Item id="244" uuid="e78dd00e-447c-4832-9bf6-52abde64d6e5">
      <id>236542</id>
      <classname>org.openmrs.ConceptMap</classname>
      <dateChanged id="245">2013-08-02 21:46:28</dateChanged>
    </org.openmrs.module.metadatasharing.Item>
    <org.openmrs.module.metadatasharing.Item id="246" uuid="223d5056-f850-4f0b-ba03-268553dcb304">
      <id>236542</id>
      <classname>org.openmrs.ConceptReferenceTerm</classname>
      <dateChanged id="247">2013-08-02 21:46:27</dateChanged>
      <retired>false</retired>
    </org.openmrs.module.metadatasharing.Item>
    <org.openmrs.module.metadatasharing.Item id="248" uuid="217084ABBBBBBBBBBBBBBBBBBBBBBBBBBBBB">
      <id>217084</id>
      <classname>org.openmrs.ConceptMap</classname>
      <dateChanged id="249">2013-07-03 22:53:08</dateChanged>
    </org.openmrs.module.metadatasharing.Item>
    <org.openmrs.module.metadatasharing.Item id="250" uuid="0d6135f6-9675-3fe2-b207-e9079c6dfbb7">
      <id>217084</id>
      <classname>org.openmrs.ConceptReferenceTerm</classname>
      <dateChanged id="251">2013-07-03 04:00:00</dateChanged>
      <retired>false</retired>
    </org.openmrs.module.metadatasharing.Item>
    <org.openmrs.module.metadatasharing.Item id="252" uuid="137043ABBBBBBBBBBBBBBBBBBBBBBBBBBBBB">
      <id>137043</id>
      <classname>org.openmrs.ConceptMap</classname>
      <dateChanged id="253">2010-12-05 02:52:08</dateChanged>
    </org.openmrs.module.metadatasharing.Item>
    <org.openmrs.module.metadatasharing.Item id="254" uuid="c6641f6d-5812-348c-9011-0cd89361da7b">
      <id>137043</id>
      <classname>org.openmrs.ConceptReferenceTerm</classname>
      <dateChanged id="255">2010-12-04 05:00:00</dateChanged>
      <retired>false</retired>
    </org.openmrs.module.metadatasharing.Item>
    <org.openmrs.module.metadatasharing.Item id="256" uuid="2982CCCCCCCCCCCCCCCCCCCCCCCCCCCCCCCC">
      <id>2982</id>
      <classname>org.openmrs.ConceptAnswer</classname>
      <dateChanged id="257">2010-12-05 03:02:33</dateChanged>
    </org.openmrs.module.metadatasharing.Item>
    <org.openmrs.module.metadatasharing.Item id="258" uuid="159945AAAAAAAAAAAAAAAAAAAAAAAAAAAAAA">
      <id>159945</id>
      <classname>org.openmrs.Concept</classname>
      <dateChanged id="259">2013-08-02 21:46:33</dateChanged>
      <retired>false</retired>
    </org.openmrs.module.metadatasharing.Item>
    <org.openmrs.module.metadatasharing.Item id="260" uuid="107496BBBBBBBBBBBBBBBBBBBBBBBBBBBBBB">
      <id>107496</id>
      <classname>org.openmrs.ConceptName</classname>
      <dateChanged id="261">2010-12-05 02:54:54</dateChanged>
    </org.openmrs.module.metadatasharing.Item>
    <org.openmrs.module.metadatasharing.Item id="262" uuid="16474FFFFFFFFFFFFFFFFFFFFFFFFFFFFFFF">
      <id>16474</id>
      <classname>org.openmrs.ConceptDescription</classname>
      <dateChanged id="263">2010-12-05 02:54:54</dateChanged>
    </org.openmrs.module.metadatasharing.Item>
    <org.openmrs.module.metadatasharing.Item id="264" uuid="137045ABBBBBBBBBBBBBBBBBBBBBBBBBBBBB">
      <id>137045</id>
      <classname>org.openmrs.ConceptMap</classname>
      <dateChanged id="265">2010-12-05 02:54:54</dateChanged>
    </org.openmrs.module.metadatasharing.Item>
    <org.openmrs.module.metadatasharing.Item id="266" uuid="c38af5ca-b766-3250-addc-bcd9af954e10">
      <id>137045</id>
      <classname>org.openmrs.ConceptReferenceTerm</classname>
      <dateChanged id="267">2010-12-04 05:00:00</dateChanged>
      <retired>false</retired>
    </org.openmrs.module.metadatasharing.Item>
    <org.openmrs.module.metadatasharing.Item id="268" uuid="bfe99fd3-1bc9-4f8a-a319-24f2b9a26a56">
      <id>236543</id>
      <classname>org.openmrs.ConceptMap</classname>
      <dateChanged id="269">2013-08-02 21:46:33</dateChanged>
    </org.openmrs.module.metadatasharing.Item>
    <org.openmrs.module.metadatasharing.Item id="270" uuid="2080b64c-5570-449c-9612-9bbff669eac0">
      <id>236543</id>
      <classname>org.openmrs.ConceptReferenceTerm</classname>
      <dateChanged id="271">2013-08-02 21:46:31</dateChanged>
      <retired>false</retired>
    </org.openmrs.module.metadatasharing.Item>
    <org.openmrs.module.metadatasharing.Item id="272" uuid="217086ABBBBBBBBBBBBBBBBBBBBBBBBBBBBB">
      <id>217086</id>
      <classname>org.openmrs.ConceptMap</classname>
      <dateChanged id="273">2013-07-03 22:53:08</dateChanged>
    </org.openmrs.module.metadatasharing.Item>
    <org.openmrs.module.metadatasharing.Item id="274" uuid="6f5f62eb-7074-3253-abcf-f22918bf3936">
      <id>217086</id>
      <classname>org.openmrs.ConceptReferenceTerm</classname>
      <dateChanged id="275">2013-07-03 04:00:00</dateChanged>
      <retired>false</retired>
    </org.openmrs.module.metadatasharing.Item>
    <org.openmrs.module.metadatasharing.Item id="276" uuid="16475FFFFFFFFFFFFFFFFFFFFFFFFFFFFFFF">
      <id>16475</id>
      <classname>org.openmrs.ConceptDescription</classname>
      <dateChanged id="277">2010-12-05 03:02:33</dateChanged>
    </org.openmrs.module.metadatasharing.Item>
    <org.openmrs.module.metadatasharing.Item id="278" uuid="8f262703-9062-43df-9537-6f6c08daa7ae">
      <id>236540</id>
      <classname>org.openmrs.ConceptMap</classname>
      <dateChanged id="279">2013-08-02 21:46:21</dateChanged>
    </org.openmrs.module.metadatasharing.Item>
    <org.openmrs.module.metadatasharing.Item id="280" uuid="52857b47-d8ee-4a90-900d-727af762a464">
      <id>236540</id>
      <classname>org.openmrs.ConceptReferenceTerm</classname>
      <dateChanged id="281">2013-08-02 21:46:19</dateChanged>
      <retired>false</retired>
    </org.openmrs.module.metadatasharing.Item>
    <org.openmrs.module.metadatasharing.Item id="282" uuid="217087ABBBBBBBBBBBBBBBBBBBBBBBBBBBBB">
      <id>217087</id>
      <classname>org.openmrs.ConceptMap</classname>
      <dateChanged id="283">2013-07-03 22:53:08</dateChanged>
    </org.openmrs.module.metadatasharing.Item>
    <org.openmrs.module.metadatasharing.Item id="284" uuid="296f69d9-bbd1-33a1-a085-eddc1ea02cdc">
      <id>217087</id>
      <classname>org.openmrs.ConceptReferenceTerm</classname>
      <dateChanged id="285">2013-07-03 04:00:00</dateChanged>
      <retired>false</retired>
    </org.openmrs.module.metadatasharing.Item>
    <org.openmrs.module.metadatasharing.Item id="286" uuid="585AEEEEEEEEEEEEEEEEEEEEEEEEEEEEEEEE">
      <id>585</id>
      <classname>org.openmrs.ConceptSet</classname>
      <dateChanged id="287">2010-12-14 07:46:37</dateChanged>
    </org.openmrs.module.metadatasharing.Item>
    <org.openmrs.module.metadatasharing.Item id="288" uuid="159948AAAAAAAAAAAAAAAAAAAAAAAAAAAAAA">
      <id>159948</id>
      <classname>org.openmrs.Concept</classname>
      <dateChanged id="289">2013-08-02 21:46:40</dateChanged>
      <retired>false</retired>
    </org.openmrs.module.metadatasharing.Item>
    <org.openmrs.module.metadatasharing.Item id="290" uuid="8d4a505e-c2cc-11de-8d13-0010c6dffd0f">
      <id>6</id>
      <classname>org.openmrs.ConceptDatatype</classname>
      <dateChanged id="291">2004-07-22 05:00:00</dateChanged>
      <retired>false</retired>
    </org.openmrs.module.metadatasharing.Item>
    <org.openmrs.module.metadatasharing.Item id="292" uuid="107503BBBBBBBBBBBBBBBBBBBBBBBBBBBBBB">
      <id>107503</id>
      <classname>org.openmrs.ConceptName</classname>
      <dateChanged id="293">2010-12-14 07:46:18</dateChanged>
    </org.openmrs.module.metadatasharing.Item>
    <org.openmrs.module.metadatasharing.Item id="294" uuid="123597BBBBBBBBBBBBBBBBBBBBBBBBBBBBBB">
      <id>123597</id>
      <classname>org.openmrs.ConceptName</classname>
      <dateChanged id="295">2013-03-13 03:39:10</dateChanged>
    </org.openmrs.module.metadatasharing.Item>
    <org.openmrs.module.metadatasharing.Item id="296" uuid="16477FFFFFFFFFFFFFFFFFFFFFFFFFFFFFFF">
      <id>16477</id>
      <classname>org.openmrs.ConceptDescription</classname>
      <dateChanged id="297">2013-03-13 03:39:10</dateChanged>
    </org.openmrs.module.metadatasharing.Item>
    <org.openmrs.module.metadatasharing.Item id="298" uuid="7de99dfc-b370-47aa-8388-f77a79b81158">
      <id>236544</id>
      <classname>org.openmrs.ConceptMap</classname>
      <dateChanged id="299">2013-08-02 21:46:40</dateChanged>
    </org.openmrs.module.metadatasharing.Item>
    <org.openmrs.module.metadatasharing.Item id="300" uuid="24eed6ee-d5c0-4a0e-9933-6f968511a59b">
      <id>236544</id>
      <classname>org.openmrs.ConceptReferenceTerm</classname>
      <dateChanged id="301">2013-08-02 21:46:38</dateChanged>
      <retired>false</retired>
    </org.openmrs.module.metadatasharing.Item>
    <org.openmrs.module.metadatasharing.Item id="302" uuid="217089ABBBBBBBBBBBBBBBBBBBBBBBBBBBBB">
      <id>217089</id>
      <classname>org.openmrs.ConceptMap</classname>
      <dateChanged id="303">2013-07-03 22:53:08</dateChanged>
    </org.openmrs.module.metadatasharing.Item>
    <org.openmrs.module.metadatasharing.Item id="304" uuid="3488ac2e-eaa7-35b8-8440-f6a8b2dddc70">
      <id>217089</id>
      <classname>org.openmrs.ConceptReferenceTerm</classname>
      <dateChanged id="305">2013-07-03 04:00:00</dateChanged>
      <retired>false</retired>
    </org.openmrs.module.metadatasharing.Item>
    <org.openmrs.module.metadatasharing.Item id="306" uuid="137054ABBBBBBBBBBBBBBBBBBBBBBBBBBBBB">
      <id>137054</id>
      <classname>org.openmrs.ConceptMap</classname>
      <dateChanged id="307">2010-12-14 07:46:18</dateChanged>
    </org.openmrs.module.metadatasharing.Item>
    <org.openmrs.module.metadatasharing.Item id="308" uuid="ecdb32fb-fde1-3538-a18e-c7b3a830dcd3">
      <id>137054</id>
      <classname>org.openmrs.ConceptReferenceTerm</classname>
      <dateChanged id="309">2010-12-14 05:00:00</dateChanged>
      <retired>false</retired>
    </org.openmrs.module.metadatasharing.Item>
    <org.openmrs.module.metadatasharing.Item id="310" uuid="16476FFFFFFFFFFFFFFFFFFFFFFFFFFFFFFF">
      <id>16476</id>
      <classname>org.openmrs.ConceptDescription</classname>
      <dateChanged id="311">2013-03-02 12:24:10</dateChanged>
    </org.openmrs.module.metadatasharing.Item>
    <org.openmrs.module.metadatasharing.Item id="312" uuid="137053ABBBBBBBBBBBBBBBBBBBBBBBBBBBBB">
      <id>137053</id>
      <classname>org.openmrs.ConceptMap</classname>
      <dateChanged id="313">2010-12-14 07:44:15</dateChanged>
    </org.openmrs.module.metadatasharing.Item>
    <org.openmrs.module.metadatasharing.Item id="314" uuid="b41a3268-7c36-325c-9020-b710c5316ce3">
      <id>137053</id>
      <classname>org.openmrs.ConceptReferenceTerm</classname>
      <dateChanged id="315">2010-12-14 05:00:00</dateChanged>
      <retired>false</retired>
    </org.openmrs.module.metadatasharing.Item>
    <org.openmrs.module.metadatasharing.Item id="316" uuid="217088ABBBBBBBBBBBBBBBBBBBBBBBBBBBBB">
      <id>217088</id>
      <classname>org.openmrs.ConceptMap</classname>
      <dateChanged id="317">2013-07-03 22:53:08</dateChanged>
    </org.openmrs.module.metadatasharing.Item>
    <org.openmrs.module.metadatasharing.Item id="318" uuid="ab590aa3-0961-3c24-91cd-06d3f612ac6e">
      <id>217088</id>
      <classname>org.openmrs.ConceptReferenceTerm</classname>
      <dateChanged id="319">2013-07-03 04:00:00</dateChanged>
      <retired>false</retired>
    </org.openmrs.module.metadatasharing.Item>
    <org.openmrs.module.metadatasharing.Item id="320" uuid="cdf50a7f-e8a9-4ec9-aacd-a58cedf7c882">
      <id>236532</id>
      <classname>org.openmrs.ConceptMap</classname>
      <dateChanged id="321">2013-08-02 21:45:40</dateChanged>
    </org.openmrs.module.metadatasharing.Item>
    <org.openmrs.module.metadatasharing.Item id="322" uuid="55078655-e4d6-445c-94b1-7d5d1fb34b01">
      <id>236532</id>
      <classname>org.openmrs.ConceptReferenceTerm</classname>
      <dateChanged id="323">2013-08-02 21:45:37</dateChanged>
      <retired>false</retired>
    </org.openmrs.module.metadatasharing.Item>
    <org.openmrs.module.metadatasharing.Item id="324" uuid="8d491e50-c2cc-11de-8d13-0010c6dffd0f">
      <id>7</id>
      <classname>org.openmrs.ConceptClass</classname>
      <dateChanged id="325">2004-03-02 05:00:00</dateChanged>
      <retired>false</retired>
    </org.openmrs.module.metadatasharing.Item>
    <org.openmrs.module.metadatasharing.Item id="326" uuid="0b6b2c5c-15f5-102d-96e4-000c29c2a5d7">
      <id>124356</id>
      <classname>org.openmrs.ConceptName</classname>
      <dateChanged id="327">2008-04-29 13:23:13</dateChanged>
    </org.openmrs.module.metadatasharing.Item>
    <org.openmrs.module.metadatasharing.Item id="328" uuid="80def83f-8ad6-49ca-b8a4-87e549c81adf">
      <id>124357</id>
      <classname>org.openmrs.ConceptName</classname>
      <dateChanged id="329">2013-02-21 00:38:10</dateChanged>
    </org.openmrs.module.metadatasharing.Item>
    <org.openmrs.module.metadatasharing.Item id="330" uuid="fd4f7c24-c9eb-4a92-8936-28c1b85d8ff7">
      <id>124359</id>
      <classname>org.openmrs.ConceptName</classname>
      <dateChanged id="331">2013-02-21 00:38:49</dateChanged>
    </org.openmrs.module.metadatasharing.Item>
    <org.openmrs.module.metadatasharing.Item id="332" uuid="f6dbbcc8-d5db-102d-ad2a-000c29c2a5d7">
      <id>124358</id>
      <classname>org.openmrs.ConceptName</classname>
      <dateChanged id="333">2013-02-21 00:38:10</dateChanged>
    </org.openmrs.module.metadatasharing.Item>
    <org.openmrs.module.metadatasharing.Item id="334" uuid="93c47642-07d4-102c-b5fa-0017a47871b2">
      <id>124360</id>
      <classname>org.openmrs.ConceptName</classname>
      <dateChanged id="335">2008-04-29 13:23:13</dateChanged>
    </org.openmrs.module.metadatasharing.Item>
    <org.openmrs.module.metadatasharing.Item id="336" uuid="ed212044-07fe-102c-b5fa-0017a47871b2">
      <id>17133</id>
      <classname>org.openmrs.ConceptDescription</classname>
      <dateChanged id="337">2013-08-03 00:06:10</dateChanged>
    </org.openmrs.module.metadatasharing.Item>
    <org.openmrs.module.metadatasharing.Item id="338" uuid="759cb00a-4943-102e-96e9-000c29c2a5d7">
      <id>236545</id>
      <classname>org.openmrs.ConceptMap</classname>
      <dateChanged id="339">2013-08-03 00:06:10</dateChanged>
    </org.openmrs.module.metadatasharing.Item>
    <org.openmrs.module.metadatasharing.Item id="340" uuid="9ccc5e6f-fe18-38f5-a061-52172966d49a">
      <id>236545</id>
      <classname>org.openmrs.ConceptReferenceTerm</classname>
      <dateChanged id="341">2013-08-03 00:06:10</dateChanged>
      <retired>false</retired>
    </org.openmrs.module.metadatasharing.Item>
    <org.openmrs.module.metadatasharing.Item id="342" uuid="5fb4c5c7-474e-498d-a13b-89dd6de62ce7">
      <id>236548</id>
      <classname>org.openmrs.ConceptMap</classname>
      <dateChanged id="343">2013-08-03 22:54:55</dateChanged>
    </org.openmrs.module.metadatasharing.Item>
    <org.openmrs.module.metadatasharing.Item id="344" uuid="e79d6b89-dc5e-49ee-9e6a-11f23b8502ea">
      <id>236548</id>
      <classname>org.openmrs.ConceptReferenceTerm</classname>
      <dateChanged id="345">2013-08-03 22:54:55</dateChanged>
      <retired>false</retired>
    </org.openmrs.module.metadatasharing.Item>
    <org.openmrs.module.metadatasharing.Item id="346" uuid="b192ef8d-b3b4-4325-8871-d50fa481c98b">
      <id>236546</id>
      <classname>org.openmrs.ConceptMap</classname>
      <dateChanged id="347">2013-08-03 00:06:10</dateChanged>
    </org.openmrs.module.metadatasharing.Item>
    <org.openmrs.module.metadatasharing.Item id="348" uuid="70dc1735-8d04-420f-9f5b-120b2d5dda91">
      <id>236546</id>
      <classname>org.openmrs.ConceptReferenceTerm</classname>
      <dateChanged id="349">2013-08-03 00:06:10</dateChanged>
      <retired>false</retired>
    </org.openmrs.module.metadatasharing.Item>
    <org.openmrs.module.metadatasharing.Item id="350" uuid="b5e44116-778f-11e2-ad73-903c7bb72694">
      <id>24</id>
      <classname>org.openmrs.ConceptSource</classname>
      <dateChanged id="351">2013-02-20 04:39:48</dateChanged>
      <retired>false</retired>
    </org.openmrs.module.metadatasharing.Item>
    <org.openmrs.module.metadatasharing.Item id="352" uuid="b25af932-4864-102e-96e9-000c29c2a5d7">
      <id>236547</id>
      <classname>org.openmrs.ConceptMap</classname>
      <dateChanged id="353">2013-08-03 00:06:10</dateChanged>
    </org.openmrs.module.metadatasharing.Item>
    <org.openmrs.module.metadatasharing.Item id="354" uuid="60fe0368-f1eb-3b1f-9690-35127fb72def">
      <id>236547</id>
      <classname>org.openmrs.ConceptReferenceTerm</classname>
      <dateChanged id="355">2013-08-03 00:06:10</dateChanged>
      <retired>false</retired>
    </org.openmrs.module.metadatasharing.Item>
  </relatedItems>
</package>
