<?xml version="1.0" encoding="UTF-8"?>
<list id="1">
  <org.openmrs.Concept id="2" uuid="226ed7ad-b776-4b99-966d-fd818d3302c2">
    <conceptId>161908</conceptId>
    <retired>false</retired>
    <datatype id="3" resolves-to="org.openmrs.ConceptDatatype" uuid="8d4a48b6-c2cc-11de-8d13-0010c6dffd0f">
      <name>Coded</name>
      <description>Value determined by term dictionary lookup (i.e., term identifier)</description>
      <creator/>
      <dateCreated id="4">2004-02-02 05:00:00</dateCreated>
      <retired>false</retired>
      <retiredBy/>
      <conceptDatatypeId>2</conceptDatatypeId>
      <hl7Abbreviation>CWE</hl7Abbreviation>
    </datatype>
    <conceptClass id="5" resolves-to="org.openmrs.ConceptClass" uuid="8d491e50-c2cc-11de-8d13-0010c6dffd0f">
      <name>Question</name>
      <description>Question (eg, patient history, SF36 items)</description>
      <creator/>
      <dateCreated id="6">2004-03-02 05:00:00</dateCreated>
      <retired>false</retired>
      <conceptClassId>7</conceptClassId>
    </conceptClass>
    <set>false</set>
    <creator/>
    <dateCreated id="7">2008-04-29 13:23:13</dateCreated>
    <changedBy/>
    <dateChanged id="8">2013-08-03 22:54:55</dateChanged>
    <names class="set" id="9">
      <org.openmrs.ConceptName id="10" uuid="0b6b2c5c-15f5-102d-96e4-000c29c2a5d7">
        <conceptNameId>124356</conceptNameId>
        <concept reference="2"/>
        <name>Diagnosis</name>
        <locale id="11">en</locale>
        <creator/>
        <dateCreated id="12">2008-04-29 13:23:13</dateCreated>
        <voided>false</voided>
        <tags class="set" id="13"/>
        <conceptNameType>FULLY_SPECIFIED</conceptNameType>
        <localePreferred>true</localePreferred>
      </org.openmrs.ConceptName>
      <org.openmrs.ConceptName id="14" uuid="80def83f-8ad6-49ca-b8a4-87e549c81adf">
        <conceptNameId>124357</conceptNameId>
        <concept reference="2"/>
        <name>Diagnostique</name>
        <locale id="15">fr</locale>
        <creator/>
        <dateCreated id="16">2013-02-21 00:38:10</dateCreated>
        <voided>false</voided>
        <tags class="set" id="17"/>
        <conceptNameType>FULLY_SPECIFIED</conceptNameType>
        <localePreferred>true</localePreferred>
      </org.openmrs.ConceptName>
      <org.openmrs.ConceptName id="18" uuid="f6dbbcc8-d5db-102d-ad2a-000c29c2a5d7">
        <conceptNameId>124358</conceptNameId>
        <concept reference="2"/>
        <name>DIAGNOSTIQUE</name>
        <locale id="19">fr</locale>
        <creator/>
        <dateCreated id="20">2010-06-29 13:04:46</dateCreated>
        <voided>true</voided>
        <voidedBy/>
        <dateVoided id="21">2013-02-21 00:38:10</dateVoided>
        <voidReason>Removed from user interface</voidReason>
        <tags class="set" id="22"/>
        <localePreferred>true</localePreferred>
      </org.openmrs.ConceptName>
      <org.openmrs.ConceptName id="23" uuid="fd4f7c24-c9eb-4a92-8936-28c1b85d8ff7">
        <conceptNameId>124359</conceptNameId>
        <concept reference="2"/>
        <name>Dyagnostik</name>
        <locale id="24">ht</locale>
        <creator/>
        <dateCreated id="25">2013-02-21 00:38:49</dateCreated>
        <voided>false</voided>
        <tags class="set" id="26"/>
        <conceptNameType>FULLY_SPECIFIED</conceptNameType>
        <localePreferred>true</localePreferred>
      </org.openmrs.ConceptName>
      <org.openmrs.ConceptName id="27" uuid="93c47642-07d4-102c-b5fa-0017a47871b2">
        <conceptNameId>124360</conceptNameId>
        <concept reference="2"/>
        <name>Diagnosis</name>
        <locale id="28">en</locale>
        <creator/>
        <dateCreated id="29">2008-04-29 13:23:13</dateCreated>
        <voided>false</voided>
        <tags class="set" id="30"/>
        <conceptNameType>SHORT</conceptNameType>
        <localePreferred>false</localePreferred>
      </org.openmrs.ConceptName>
    </names>
    <answers class="set" id="31"/>
    <conceptSets class="set" id="32"/>
    <descriptions class="set" id="33">
      <org.openmrs.ConceptDescription id="34" uuid="ed212044-07fe-102c-b5fa-0017a47871b2">
        <conceptDescriptionId>17133</conceptDescriptionId>
        <concept reference="2"/>
        <description>Generic diagnosis, chief complaint, or problems that is used for coded diagnoses.  There should be no coded answers attached to this concept in the dictionary, but it would be used with form entry.</description>
        <locale id="35">en</locale>
        <creator/>
        <dateCreated id="36">2008-04-29 13:23:13</dateCreated>
        <dateChanged id="37">2013-08-03 00:06:10</dateChanged>
      </org.openmrs.ConceptDescription>
    </descriptions>
    <conceptMappings class="set" id="38">
      <org.openmrs.ConceptMap id="39" uuid="759cb00a-4943-102e-96e9-000c29c2a5d7">
        <conceptMapType id="40" resolves-to="org.openmrs.ConceptMapType" uuid="35543629-7d8c-11e1-909d-c80aa9edcf4e">
          <name>SAME-AS</name>
          <creator/>
          <dateCreated id="41">2013-07-11 04:00:00</dateCreated>
          <changedBy/>
          <dateChanged id="42">2013-08-03 22:51:35</dateChanged>
          <retired>false</retired>
          <conceptMapTypeId>1</conceptMapTypeId>
          <isHidden>false</isHidden>
        </conceptMapType>
        <creator/>
        <dateCreated id="43">2010-11-24 12:49:58</dateCreated>
        <dateChanged id="44">2013-08-03 00:06:10</dateChanged>
        <conceptMapId>236545</conceptMapId>
        <concept reference="2"/>
        <conceptReferenceTerm id="45" resolves-to="org.openmrs.ConceptReferenceTerm" uuid="9ccc5e6f-fe18-38f5-a061-52172966d49a">
          <creator/>
          <dateCreated id="46">2010-11-24 00:00:00</dateCreated>
          <dateChanged id="47">2013-08-03 00:06:10</dateChanged>
          <retired>false</retired>
          <conceptReferenceTermId>236545</conceptReferenceTermId>
          <conceptSource id="48" resolves-to="org.openmrs.ConceptSource" uuid="fb9aaaf1-65e2-4c18-b53c-16b575f2f385">
            <name>PIH</name>
            <description>Equivalent concept ID in Master Partners-in-Health Concept dictionary</description>
            <creator/>
            <dateCreated id="49">2010-08-03 05:50:49</dateCreated>
            <retired>false</retired>
            <conceptSourceId>11</conceptSourceId>
          </conceptSource>
          <code>DIAGNOSIS</code>
          <conceptReferenceTermMaps id="50"/>
        </conceptReferenceTerm>
      </org.openmrs.ConceptMap>
      <org.openmrs.ConceptMap id="51" uuid="b192ef8d-b3b4-4325-8871-d50fa481c98b">
        <conceptMapType reference="40"/>
        <creator/>
        <dateCreated id="52">2013-02-21 00:42:51</dateCreated>
        <dateChanged id="53">2013-08-03 00:06:10</dateChanged>
        <conceptMapId>236546</conceptMapId>
        <concept reference="2"/>
        <conceptReferenceTerm id="54" resolves-to="org.openmrs.ConceptReferenceTerm" uuid="70dc1735-8d04-420f-9f5b-120b2d5dda91">
          <creator/>
          <dateCreated id="55">2013-02-20 04:45:07</dateCreated>
          <dateChanged id="56">2013-08-03 00:06:10</dateChanged>
          <retired>false</retired>
          <conceptReferenceTermId>236546</conceptReferenceTermId>
          <conceptSource id="57" resolves-to="org.openmrs.ConceptSource" uuid="b5e44116-778f-11e2-ad73-903c7bb72694">
            <name>org.openmrs.module.emr</name>
            <description>Source used to tag concepts used in the EMR module</description>
            <creator/>
            <dateCreated id="58">2013-02-20 04:39:48</dateCreated>
            <retired>false</retired>
            <conceptSourceId>24</conceptSourceId>
          </conceptSource>
          <code>Coded Diagnosis</code>
          <conceptReferenceTermMaps id="59"/>
        </conceptReferenceTerm>
      </org.openmrs.ConceptMap>
      <org.openmrs.ConceptMap id="60" uuid="5fb4c5c7-474e-498d-a13b-89dd6de62ce7">
        <conceptMapType reference="40"/>
        <creator/>
        <dateCreated id="61">2013-08-03 22:54:55</dateCreated>
        <conceptMapId>236548</conceptMapId>
        <concept reference="2"/>
        <conceptReferenceTerm id="62" uuid="e79d6b89-dc5e-49ee-9e6a-11f23b8502ea">
          <creator/>
          <dateCreated id="63">2013-08-03 22:54:55</dateCreated>
          <retired>false</retired>
          <conceptReferenceTermId>236548</conceptReferenceTermId>
          <conceptSource id="64" uuid="ccb6a882-2485-4597-af3f-c9715555f424">
            <name>OpenMRS Reference Metadata</name>
            <description>The concept source used by local concept mappings by Metadata sharing module when exporting concepts</description>
            <creator/>
            <dateCreated id="65">2013-08-02 21:36:06</dateCreated>
            <retired>false</retired>
            <conceptSourceId>23</conceptSourceId>
            <hl7Code>ORMD</hl7Code>
          </conceptSource>
          <code>161908</code>
          <conceptReferenceTermMaps id="66"/>
        </conceptReferenceTerm>
      </org.openmrs.ConceptMap>
      <org.openmrs.ConceptMap id="67" uuid="b25af932-4864-102e-96e9-000c29c2a5d7">
        <conceptMapType reference="40"/>
        <creator/>
        <dateCreated id="68">2010-11-23 10:15:31</dateCreated>
        <dateChanged id="69">2013-08-03 00:06:10</dateChanged>
        <conceptMapId>236547</conceptMapId>
        <concept reference="2"/>
        <conceptReferenceTerm id="70" resolves-to="org.openmrs.ConceptReferenceTerm" uuid="60fe0368-f1eb-3b1f-9690-35127fb72def">
          <creator/>
          <dateCreated id="71">2010-11-23 00:00:00</dateCreated>
          <dateChanged id="72">2013-08-03 00:06:10</dateChanged>
          <retired>false</retired>
          <conceptReferenceTermId>236547</conceptReferenceTermId>
          <conceptSource reference="48"/>
          <code>3064</code>
          <conceptReferenceTermMaps id="73"/>
        </conceptReferenceTerm>
      </org.openmrs.ConceptMap>
    </conceptMappings>
  </org.openmrs.Concept>
</list>
