<?xml version="1.0" encoding="UTF-8"?>
<list id="1">
  <org.openmrs.module.providermanagement.ProviderRole id="2" uuid="c110f9bc-c65f-44a2-a028-2af7e8fff534">
    <name>Clinical Doctor</name>
    <creator/>
    <dateCreated id="3">2013-07-25 22:36:02</dateCreated>
    <retired>false</retired>
    <providerRoleId>1</providerRoleId>
    <relationshipTypes id="4"/>
    <superviseeProviderRoles id="5"/>
    <providerAttributeTypes id="6"/>
  </org.openmrs.module.providermanagement.ProviderRole>
  <org.openmrs.module.providermanagement.ProviderRole id="7" uuid="87d2122b-691c-4e06-9366-111f5ab2f526">
    <name>Clerk</name>
    <creator/>
    <dateCreated id="8">2013-08-14 15:52:16</dateCreated>
    <retired>false</retired>
    <providerRoleId>3</providerRoleId>
    <relationshipTypes id="9"/>
    <superviseeProviderRoles id="10"/>
    <providerAttributeTypes id="11"/>
  </org.openmrs.module.providermanagement.ProviderRole>
  <org.openmrs.module.providermanagement.ProviderRole id="12" uuid="da13814f-f560-46df-8bb2-219e146c2811">
    <name>Nurse</name>
    <creator/>
    <dateCreated id="13">2013-07-25 22:36:09</dateCreated>
    <retired>false</retired>
    <providerRoleId>2</providerRoleId>
    <relationshipTypes id="14"/>
    <superviseeProviderRoles id="15"/>
    <providerAttributeTypes id="16"/>
  </org.openmrs.module.providermanagement.ProviderRole>
</list>
