<?xml version="1.0" encoding="UTF-8"?>
<package id="1" uuid="1ffd329d-bac6-4195-8698-b03a47a82f7b">
  <dateCreated id="2">2014-09-19 15:43:27</dateCreated>
  <name>Reference Application Roles and Privileges</name>
  <description>Standard set of Roles and Privileges distributed with the Reference Application</description>
  <openmrsVersion>1.9.3  Build f535e9</openmrsVersion>
  <version>6</version>
  <groupUuid>c8fa4735-a1c1-441c-b4cc-972677379f44</groupUuid>
  <modules id="3">
    <entry>
      <string>uilibrary</string>
      <string>2.0.3.1</string>
    </entry>
    <entry>
      <string>dataexchange</string>
      <string>1.1-SNAPSHOT</string>
    </entry>
    <entry>
      <string>groovy</string>
      <string>2.2.4</string>
    </entry>
    <entry>
      <string>providermanagement</string>
      <string>2.0</string>
    </entry>
    <entry>
      <string>validation</string>
      <string>1.0.1</string>
    </entry>
    <entry>
      <string>uiframework</string>
      <string>2.6</string>
    </entry>
    <entry>
      <string>htmlformentry</string>
      <string>2.1.2</string>
    </entry>
    <entry>
      <string>htmlformentry19ext</string>
      <string>1.3</string>
    </entry>
    <entry>
      <string>metadatamapping</string>
      <string>1.0.1</string>
    </entry>
    <entry>
      <string>metadatasharing</string>
      <string>1.1.8</string>
    </entry>
    <entry>
      <string>logic</string>
      <string>0.5.2</string>
    </entry>
  </modules>
  <items class="linked-hash-set" id="4">
    <org.openmrs.module.metadatasharing.Item id="5" uuid="c0a129d5-3af9-42f0-9ec4-3c4fc4d5af41">
      <classname>org.openmrs.Role</classname>
      <retired>false</retired>
    </org.openmrs.module.metadatasharing.Item>
    <org.openmrs.module.metadatasharing.Item id="6" uuid="2ce0fbc7-049a-43df-aa94-3db8308679a5">
      <classname>org.openmrs.Role</classname>
      <retired>false</retired>
    </org.openmrs.module.metadatasharing.Item>
    <org.openmrs.module.metadatasharing.Item id="7" uuid="30fb1695-9c4c-4d58-8022-ef08bd50e358">
      <classname>org.openmrs.Role</classname>
      <retired>false</retired>
    </org.openmrs.module.metadatasharing.Item>
    <org.openmrs.module.metadatasharing.Item id="8" uuid="339cafe1-acd6-4bd5-8d28-15cc493d2607">
      <classname>org.openmrs.Role</classname>
      <retired>false</retired>
    </org.openmrs.module.metadatasharing.Item>
    <org.openmrs.module.metadatasharing.Item id="9" uuid="bd194ea6-fc0f-4aaa-9107-23b501d854c9">
      <classname>org.openmrs.Role</classname>
      <retired>false</retired>
    </org.openmrs.module.metadatasharing.Item>
    <org.openmrs.module.metadatasharing.Item id="10" uuid="368f5369-7c2a-471e-aaaa-d0a51f0625ff">
      <classname>org.openmrs.Role</classname>
      <retired>false</retired>
    </org.openmrs.module.metadatasharing.Item>
    <org.openmrs.module.metadatasharing.Item id="11" uuid="cf256667-67ab-4fb9-8f0e-96004bde31af">
      <classname>org.openmrs.Role</classname>
      <retired>false</retired>
    </org.openmrs.module.metadatasharing.Item>
    <org.openmrs.module.metadatasharing.Item id="12" uuid="3272e32a-48e9-4e9b-8fe5-ceaff59174c7">
      <classname>org.openmrs.Role</classname>
      <retired>false</retired>
    </org.openmrs.module.metadatasharing.Item>
    <org.openmrs.module.metadatasharing.Item id="13" uuid="d8570215-0b1e-4930-88df-7340f82898dc">
      <classname>org.openmrs.Role</classname>
      <retired>false</retired>
    </org.openmrs.module.metadatasharing.Item>
    <org.openmrs.module.metadatasharing.Item id="14" uuid="59dd27aa-887a-468d-9793-af0b490ec7b9">
      <classname>org.openmrs.Role</classname>
      <retired>false</retired>
    </org.openmrs.module.metadatasharing.Item>
    <org.openmrs.module.metadatasharing.Item id="15" uuid="495c98fc-7d34-409d-8ba6-da7035347228">
      <classname>org.openmrs.Role</classname>
      <retired>false</retired>
    </org.openmrs.module.metadatasharing.Item>
    <org.openmrs.module.metadatasharing.Item id="16" uuid="9d92d41e-e0f8-4e8e-8f1d-cf43eefca86b">
      <classname>org.openmrs.Role</classname>
      <retired>false</retired>
    </org.openmrs.module.metadatasharing.Item>
    <org.openmrs.module.metadatasharing.Item id="17" uuid="285b96e5-fb9f-4e83-ade3-44d152c4aeef">
      <classname>org.openmrs.Role</classname>
      <retired>false</retired>
    </org.openmrs.module.metadatasharing.Item>
    <org.openmrs.module.metadatasharing.Item id="18" uuid="5d44ec9f-591e-4b3b-8f83-532bc25bb767">
      <classname>org.openmrs.Role</classname>
      <retired>false</retired>
    </org.openmrs.module.metadatasharing.Item>
  </items>
  <relatedItems class="linked-hash-set" id="19">
    <org.openmrs.module.metadatasharing.Item id="20" uuid="640ad908-d8b1-44d1-a68f-a3a3ebe956e3">
      <classname>org.openmrs.Privilege</classname>
      <retired>false</retired>
    </org.openmrs.module.metadatasharing.Item>
    <org.openmrs.module.metadatasharing.Item id="21" uuid="c0838bdd-6a6b-491b-aba7-60eff5a73554">
      <classname>org.openmrs.Privilege</classname>
      <retired>false</retired>
    </org.openmrs.module.metadatasharing.Item>
    <org.openmrs.module.metadatasharing.Item id="22" uuid="67dfc5fc-e200-4a27-97b9-b8bfa2405451">
      <classname>org.openmrs.Privilege</classname>
      <retired>false</retired>
    </org.openmrs.module.metadatasharing.Item>
    <org.openmrs.module.metadatasharing.Item id="23" uuid="2ec85d31-8635-4ebe-a2cc-463a8c1af270">
      <classname>org.openmrs.Privilege</classname>
      <retired>false</retired>
    </org.openmrs.module.metadatasharing.Item>
    <org.openmrs.module.metadatasharing.Item id="24" uuid="1a549e3a-c7d4-4ed7-8768-a27340e7d33b">
      <classname>org.openmrs.Privilege</classname>
      <retired>false</retired>
    </org.openmrs.module.metadatasharing.Item>
    <org.openmrs.module.metadatasharing.Item id="25" uuid="5a662e32-5190-4770-ae93-fd4cd926a4d8">
      <classname>org.openmrs.Privilege</classname>
      <retired>false</retired>
    </org.openmrs.module.metadatasharing.Item>
    <org.openmrs.module.metadatasharing.Item id="26" uuid="cf3eeaaf-a1e1-443c-94c1-ce9ebad82b13">
      <classname>org.openmrs.Privilege</classname>
      <retired>false</retired>
    </org.openmrs.module.metadatasharing.Item>
    <org.openmrs.module.metadatasharing.Item id="27" uuid="521e9542-b481-4e33-b1f2-d285fd4f673b">
      <classname>org.openmrs.Privilege</classname>
      <retired>false</retired>
    </org.openmrs.module.metadatasharing.Item>
    <org.openmrs.module.metadatasharing.Item id="28" uuid="0af14663-91cf-478c-be5c-a4b5bb32be77">
      <classname>org.openmrs.Privilege</classname>
      <retired>false</retired>
    </org.openmrs.module.metadatasharing.Item>
    <org.openmrs.module.metadatasharing.Item id="29" uuid="d66d8167-f172-4bde-8cf3-5c232fb22918">
      <classname>org.openmrs.Privilege</classname>
      <retired>false</retired>
    </org.openmrs.module.metadatasharing.Item>
    <org.openmrs.module.metadatasharing.Item id="30" uuid="36dc2a99-6289-4251-9b1b-1ec6d0b7badb">
      <classname>org.openmrs.Privilege</classname>
      <retired>false</retired>
    </org.openmrs.module.metadatasharing.Item>
    <org.openmrs.module.metadatasharing.Item id="31" uuid="327c70bd-605d-4ea5-8791-b5a259aa138f">
      <classname>org.openmrs.Privilege</classname>
      <retired>false</retired>
    </org.openmrs.module.metadatasharing.Item>
    <org.openmrs.module.metadatasharing.Item id="32" uuid="df297372-63e2-4ebe-9f9f-e7d0c1a3516e">
      <classname>org.openmrs.Privilege</classname>
      <retired>false</retired>
    </org.openmrs.module.metadatasharing.Item>
    <org.openmrs.module.metadatasharing.Item id="33" uuid="85765f7d-7826-4dd4-92e6-fe9d53e15038">
      <classname>org.openmrs.Privilege</classname>
      <retired>false</retired>
    </org.openmrs.module.metadatasharing.Item>
    <org.openmrs.module.metadatasharing.Item id="34" uuid="751ef0f2-1a8c-46fd-a2e2-bdc8ee108ce8">
      <classname>org.openmrs.Privilege</classname>
      <retired>false</retired>
    </org.openmrs.module.metadatasharing.Item>
    <org.openmrs.module.metadatasharing.Item id="35" uuid="b6578205-46e1-4f59-8ded-f2fd5716a8be">
      <classname>org.openmrs.Privilege</classname>
      <retired>false</retired>
    </org.openmrs.module.metadatasharing.Item>
    <org.openmrs.module.metadatasharing.Item id="36" uuid="2748e326-d33e-4206-a3a2-8933979a75aa">
      <classname>org.openmrs.Privilege</classname>
      <retired>false</retired>
    </org.openmrs.module.metadatasharing.Item>
    <org.openmrs.module.metadatasharing.Item id="37" uuid="8d94f852-c2cc-11de-8d13-0010c6dffd0f">
      <classname>org.openmrs.Role</classname>
      <retired>false</retired>
    </org.openmrs.module.metadatasharing.Item>
    <org.openmrs.module.metadatasharing.Item id="38" uuid="cd733f77-7cce-4b54-a1c9-8130f95e0ea0">
      <classname>org.openmrs.Privilege</classname>
      <retired>false</retired>
    </org.openmrs.module.metadatasharing.Item>
  </relatedItems>
  <incrementalVersion>false</incrementalVersion>
</package>
