<?xml version="1.0" encoding="UTF-8"?>
<package id="1" uuid="325d2d87-f184-4203-b05f-6106617d4401">
  <dateCreated id="2">2014-05-21 08:42:36</dateCreated>
  <name>Reference Application Units Of Measure Concepts</name>
  <description>Contains concepts of class Units Of Measure</description>
  <openmrsVersion>1.9.3  Build f535e9</openmrsVersion>
  <version>1</version>
  <groupUuid>2065256f-a02a-4b5a-b443-2d78e0ba202f</groupUuid>
  <modules id="3">
    <entry>
      <string>uilibrary</string>
      <string>2.0.3.1</string>
    </entry>
    <entry>
      <string>dataexchange</string>
      <string>1.1-SNAPSHOT</string>
    </entry>
    <entry>
      <string>groovy</string>
      <string>2.2.4</string>
    </entry>
    <entry>
      <string>providermanagement</string>
      <string>2.0</string>
    </entry>
    <entry>
      <string>validation</string>
      <string>1.0.1</string>
    </entry>
    <entry>
      <string>uiframework</string>
      <string>2.6</string>
    </entry>
    <entry>
      <string>htmlformentry</string>
      <string>2.1.2</string>
    </entry>
    <entry>
      <string>htmlformentry19ext</string>
      <string>1.3</string>
    </entry>
    <entry>
      <string>metadatamapping</string>
      <string>1.0.1</string>
    </entry>
    <entry>
      <string>metadatasharing</string>
      <string>1.1.8</string>
    </entry>
    <entry>
      <string>logic</string>
      <string>0.5.2</string>
    </entry>
  </modules>
  <items class="linked-hash-set" id="4">
    <org.openmrs.module.metadatasharing.Item id="5" uuid="161553AAAAAAAAAAAAAAAAAAAAAAAAAAAAAA">
      <id>161553</id>
      <classname>org.openmrs.Concept</classname>
      <dateChanged id="6">2014-04-15 22:59:51</dateChanged>
      <retired>false</retired>
    </org.openmrs.module.metadatasharing.Item>
    <org.openmrs.module.metadatasharing.Item id="7" uuid="162335AAAAAAAAAAAAAAAAAAAAAAAAAAAAAA">
      <id>162335</id>
      <classname>org.openmrs.Concept</classname>
      <dateChanged id="8">2014-05-06 22:30:25</dateChanged>
      <retired>false</retired>
    </org.openmrs.module.metadatasharing.Item>
    <org.openmrs.module.metadatasharing.Item id="9" uuid="1518AAAAAAAAAAAAAAAAAAAAAAAAAAAAAAAA">
      <id>1518</id>
      <classname>org.openmrs.Concept</classname>
      <dateChanged id="10">2014-05-16 00:18:17</dateChanged>
      <retired>false</retired>
    </org.openmrs.module.metadatasharing.Item>
    <org.openmrs.module.metadatasharing.Item id="11" uuid="162372AAAAAAAAAAAAAAAAAAAAAAAAAAAAAA">
      <id>162372</id>
      <classname>org.openmrs.Concept</classname>
      <dateChanged id="12">2014-05-16 00:15:12</dateChanged>
      <retired>false</retired>
    </org.openmrs.module.metadatasharing.Item>
    <org.openmrs.module.metadatasharing.Item id="13" uuid="162360AAAAAAAAAAAAAAAAAAAAAAAAAAAAAA">
      <id>162360</id>
      <classname>org.openmrs.Concept</classname>
      <dateChanged id="14">2014-05-16 00:00:01</dateChanged>
      <retired>false</retired>
    </org.openmrs.module.metadatasharing.Item>
    <org.openmrs.module.metadatasharing.Item id="15" uuid="162364AAAAAAAAAAAAAAAAAAAAAAAAAAAAAA">
      <id>162364</id>
      <classname>org.openmrs.Concept</classname>
      <dateChanged id="16">2014-05-16 00:04:13</dateChanged>
      <retired>false</retired>
    </org.openmrs.module.metadatasharing.Item>
    <org.openmrs.module.metadatasharing.Item id="17" uuid="162383AAAAAAAAAAAAAAAAAAAAAAAAAAAAAA">
      <id>162383</id>
      <classname>org.openmrs.Concept</classname>
      <dateChanged id="18">2014-05-16 00:27:51</dateChanged>
      <retired>false</retired>
    </org.openmrs.module.metadatasharing.Item>
    <org.openmrs.module.metadatasharing.Item id="19" uuid="162355AAAAAAAAAAAAAAAAAAAAAAAAAAAAAA">
      <id>162355</id>
      <classname>org.openmrs.Concept</classname>
      <dateChanged id="20">2014-05-15 23:55:48</dateChanged>
      <retired>false</retired>
    </org.openmrs.module.metadatasharing.Item>
    <org.openmrs.module.metadatasharing.Item id="21" uuid="162381AAAAAAAAAAAAAAAAAAAAAAAAAAAAAA">
      <id>162381</id>
      <classname>org.openmrs.Concept</classname>
      <dateChanged id="22">2014-05-16 00:24:42</dateChanged>
      <retired>false</retired>
    </org.openmrs.module.metadatasharing.Item>
    <org.openmrs.module.metadatasharing.Item id="23" uuid="162375AAAAAAAAAAAAAAAAAAAAAAAAAAAAAA">
      <id>162375</id>
      <classname>org.openmrs.Concept</classname>
      <dateChanged id="24">2014-05-16 00:17:35</dateChanged>
      <retired>false</retired>
    </org.openmrs.module.metadatasharing.Item>
    <org.openmrs.module.metadatasharing.Item id="25" uuid="162371AAAAAAAAAAAAAAAAAAAAAAAAAAAAAA">
      <id>162371</id>
      <classname>org.openmrs.Concept</classname>
      <dateChanged id="26">2014-05-16 00:14:38</dateChanged>
      <retired>false</retired>
    </org.openmrs.module.metadatasharing.Item>
    <org.openmrs.module.metadatasharing.Item id="27" uuid="162382AAAAAAAAAAAAAAAAAAAAAAAAAAAAAA">
      <id>162382</id>
      <classname>org.openmrs.Concept</classname>
      <dateChanged id="28">2014-05-16 00:27:12</dateChanged>
      <retired>false</retired>
    </org.openmrs.module.metadatasharing.Item>
    <org.openmrs.module.metadatasharing.Item id="29" uuid="162380AAAAAAAAAAAAAAAAAAAAAAAAAAAAAA">
      <id>162380</id>
      <classname>org.openmrs.Concept</classname>
      <dateChanged id="30">2014-05-16 00:24:09</dateChanged>
      <retired>false</retired>
    </org.openmrs.module.metadatasharing.Item>
    <org.openmrs.module.metadatasharing.Item id="31" uuid="162352AAAAAAAAAAAAAAAAAAAAAAAAAAAAAA">
      <id>162352</id>
      <classname>org.openmrs.Concept</classname>
      <dateChanged id="32">2014-05-15 23:52:40</dateChanged>
      <retired>false</retired>
    </org.openmrs.module.metadatasharing.Item>
    <org.openmrs.module.metadatasharing.Item id="33" uuid="162263AAAAAAAAAAAAAAAAAAAAAAAAAAAAAA">
      <id>162263</id>
      <classname>org.openmrs.Concept</classname>
      <dateChanged id="34">2014-04-15 23:00:39</dateChanged>
      <retired>false</retired>
    </org.openmrs.module.metadatasharing.Item>
    <org.openmrs.module.metadatasharing.Item id="35" uuid="162373AAAAAAAAAAAAAAAAAAAAAAAAAAAAAA">
      <id>162373</id>
      <classname>org.openmrs.Concept</classname>
      <dateChanged id="36">2014-05-16 00:16:14</dateChanged>
      <retired>false</retired>
    </org.openmrs.module.metadatasharing.Item>
    <org.openmrs.module.metadatasharing.Item id="37" uuid="162358AAAAAAAAAAAAAAAAAAAAAAAAAAAAAA">
      <id>162358</id>
      <classname>org.openmrs.Concept</classname>
      <dateChanged id="38">2014-05-15 23:58:04</dateChanged>
      <retired>false</retired>
    </org.openmrs.module.metadatasharing.Item>
    <org.openmrs.module.metadatasharing.Item id="39" uuid="162363AAAAAAAAAAAAAAAAAAAAAAAAAAAAAA">
      <id>162363</id>
      <classname>org.openmrs.Concept</classname>
      <dateChanged id="40">2014-05-16 00:03:13</dateChanged>
      <retired>false</retired>
    </org.openmrs.module.metadatasharing.Item>
    <org.openmrs.module.metadatasharing.Item id="41" uuid="162374AAAAAAAAAAAAAAAAAAAAAAAAAAAAAA">
      <id>162374</id>
      <classname>org.openmrs.Concept</classname>
      <dateChanged id="42">2014-05-16 00:16:59</dateChanged>
      <retired>false</retired>
    </org.openmrs.module.metadatasharing.Item>
    <org.openmrs.module.metadatasharing.Item id="43" uuid="162368AAAAAAAAAAAAAAAAAAAAAAAAAAAAAA">
      <id>162368</id>
      <classname>org.openmrs.Concept</classname>
      <dateChanged id="44">2014-05-16 00:12:27</dateChanged>
      <retired>false</retired>
    </org.openmrs.module.metadatasharing.Item>
    <org.openmrs.module.metadatasharing.Item id="45" uuid="162361AAAAAAAAAAAAAAAAAAAAAAAAAAAAAA">
      <id>162361</id>
      <classname>org.openmrs.Concept</classname>
      <dateChanged id="46">2014-05-16 00:00:42</dateChanged>
      <retired>false</retired>
    </org.openmrs.module.metadatasharing.Item>
    <org.openmrs.module.metadatasharing.Item id="47" uuid="162357AAAAAAAAAAAAAAAAAAAAAAAAAAAAAA">
      <id>162357</id>
      <classname>org.openmrs.Concept</classname>
      <dateChanged id="48">2014-05-15 23:57:05</dateChanged>
      <retired>false</retired>
    </org.openmrs.module.metadatasharing.Item>
    <org.openmrs.module.metadatasharing.Item id="49" uuid="162366AAAAAAAAAAAAAAAAAAAAAAAAAAAAAA">
      <id>162366</id>
      <classname>org.openmrs.Concept</classname>
      <dateChanged id="50">2014-05-16 00:11:00</dateChanged>
      <retired>false</retired>
    </org.openmrs.module.metadatasharing.Item>
    <org.openmrs.module.metadatasharing.Item id="51" uuid="162379AAAAAAAAAAAAAAAAAAAAAAAAAAAAAA">
      <id>162379</id>
      <classname>org.openmrs.Concept</classname>
      <dateChanged id="52">2014-05-16 00:23:30</dateChanged>
      <retired>false</retired>
    </org.openmrs.module.metadatasharing.Item>
    <org.openmrs.module.metadatasharing.Item id="53" uuid="162376AAAAAAAAAAAAAAAAAAAAAAAAAAAAAA">
      <id>162376</id>
      <classname>org.openmrs.Concept</classname>
      <dateChanged id="54">2014-05-16 00:20:27</dateChanged>
      <retired>false</retired>
    </org.openmrs.module.metadatasharing.Item>
    <org.openmrs.module.metadatasharing.Item id="55" uuid="162378AAAAAAAAAAAAAAAAAAAAAAAAAAAAAA">
      <id>162378</id>
      <classname>org.openmrs.Concept</classname>
      <dateChanged id="56">2014-05-16 00:22:51</dateChanged>
      <retired>false</retired>
    </org.openmrs.module.metadatasharing.Item>
    <org.openmrs.module.metadatasharing.Item id="57" uuid="162351AAAAAAAAAAAAAAAAAAAAAAAAAAAAAA">
      <id>162351</id>
      <classname>org.openmrs.Concept</classname>
      <dateChanged id="58">2014-05-15 23:51:59</dateChanged>
      <retired>false</retired>
    </org.openmrs.module.metadatasharing.Item>
    <org.openmrs.module.metadatasharing.Item id="59" uuid="161554AAAAAAAAAAAAAAAAAAAAAAAAAAAAAA">
      <id>161554</id>
      <classname>org.openmrs.Concept</classname>
      <dateChanged id="60">2014-05-15 23:59:21</dateChanged>
      <retired>false</retired>
    </org.openmrs.module.metadatasharing.Item>
    <org.openmrs.module.metadatasharing.Item id="61" uuid="162359AAAAAAAAAAAAAAAAAAAAAAAAAAAAAA">
      <id>162359</id>
      <classname>org.openmrs.Concept</classname>
      <dateChanged id="62">2014-05-15 23:58:54</dateChanged>
      <retired>false</retired>
    </org.openmrs.module.metadatasharing.Item>
    <org.openmrs.module.metadatasharing.Item id="63" uuid="162262AAAAAAAAAAAAAAAAAAAAAAAAAAAAAA">
      <id>162262</id>
      <classname>org.openmrs.Concept</classname>
      <dateChanged id="64">2014-04-15 23:00:17</dateChanged>
      <retired>false</retired>
    </org.openmrs.module.metadatasharing.Item>
    <org.openmrs.module.metadatasharing.Item id="65" uuid="162362AAAAAAAAAAAAAAAAAAAAAAAAAAAAAA">
      <id>162362</id>
      <classname>org.openmrs.Concept</classname>
      <dateChanged id="66">2014-05-16 00:01:28</dateChanged>
      <retired>false</retired>
    </org.openmrs.module.metadatasharing.Item>
    <org.openmrs.module.metadatasharing.Item id="67" uuid="162353AAAAAAAAAAAAAAAAAAAAAAAAAAAAAA">
      <id>162353</id>
      <classname>org.openmrs.Concept</classname>
      <dateChanged id="68">2014-05-15 23:54:30</dateChanged>
      <retired>false</retired>
    </org.openmrs.module.metadatasharing.Item>
    <org.openmrs.module.metadatasharing.Item id="69" uuid="162370AAAAAAAAAAAAAAAAAAAAAAAAAAAAAA">
      <id>162370</id>
      <classname>org.openmrs.Concept</classname>
      <dateChanged id="70">2014-05-16 00:14:06</dateChanged>
      <retired>false</retired>
    </org.openmrs.module.metadatasharing.Item>
    <org.openmrs.module.metadatasharing.Item id="71" uuid="162356AAAAAAAAAAAAAAAAAAAAAAAAAAAAAA">
      <id>162356</id>
      <classname>org.openmrs.Concept</classname>
      <dateChanged id="72">2014-05-15 23:56:28</dateChanged>
      <retired>false</retired>
    </org.openmrs.module.metadatasharing.Item>
    <org.openmrs.module.metadatasharing.Item id="73" uuid="162365AAAAAAAAAAAAAAAAAAAAAAAAAAAAAA">
      <id>162365</id>
      <classname>org.openmrs.Concept</classname>
      <dateChanged id="74">2014-05-16 00:10:16</dateChanged>
      <retired>false</retired>
    </org.openmrs.module.metadatasharing.Item>
    <org.openmrs.module.metadatasharing.Item id="75" uuid="162369AAAAAAAAAAAAAAAAAAAAAAAAAAAAAA">
      <id>162369</id>
      <classname>org.openmrs.Concept</classname>
      <dateChanged id="76">2014-05-16 00:12:57</dateChanged>
      <retired>false</retired>
    </org.openmrs.module.metadatasharing.Item>
    <org.openmrs.module.metadatasharing.Item id="77" uuid="162367AAAAAAAAAAAAAAAAAAAAAAAAAAAAAA">
      <id>162367</id>
      <classname>org.openmrs.Concept</classname>
      <dateChanged id="78">2014-05-16 00:11:38</dateChanged>
      <retired>false</retired>
    </org.openmrs.module.metadatasharing.Item>
    <org.openmrs.module.metadatasharing.Item id="79" uuid="162377AAAAAAAAAAAAAAAAAAAAAAAAAAAAAA">
      <id>162377</id>
      <classname>org.openmrs.Concept</classname>
      <dateChanged id="80">2014-05-16 00:21:25</dateChanged>
      <retired>false</retired>
    </org.openmrs.module.metadatasharing.Item>
    <org.openmrs.module.metadatasharing.Item id="81" uuid="162354AAAAAAAAAAAAAAAAAAAAAAAAAAAAAA">
      <id>162354</id>
      <classname>org.openmrs.Concept</classname>
      <dateChanged id="82">2014-05-15 23:55:05</dateChanged>
      <retired>false</retired>
    </org.openmrs.module.metadatasharing.Item>
  </items>
  <relatedItems class="linked-hash-set" id="83">
    <org.openmrs.module.metadatasharing.Item id="84" uuid="8d4a4c94-c2cc-11de-8d13-0010c6dffd0f">
      <id>4</id>
      <classname>org.openmrs.ConceptDatatype</classname>
      <dateChanged id="85">2004-02-02 05:00:00</dateChanged>
      <retired>false</retired>
    </org.openmrs.module.metadatasharing.Item>
    <org.openmrs.module.metadatasharing.Item id="86" uuid="e30d8601-07f8-413a-9d11-cdfbb28196ec">
      <id>25</id>
      <classname>org.openmrs.ConceptClass</classname>
      <dateChanged id="87">2014-02-14 02:31:25</dateChanged>
      <retired>false</retired>
    </org.openmrs.module.metadatasharing.Item>
    <org.openmrs.module.metadatasharing.Item id="88" uuid="111177BBBBBBBBBBBBBBBBBBBBBBBBBBBBBB">
      <id>111177</id>
      <classname>org.openmrs.ConceptName</classname>
      <dateChanged id="89">2013-01-25 00:30:41</dateChanged>
    </org.openmrs.module.metadatasharing.Item>
    <org.openmrs.module.metadatasharing.Item id="90" uuid="111176BBBBBBBBBBBBBBBBBBBBBBBBBBBBBB">
      <id>111176</id>
      <classname>org.openmrs.ConceptName</classname>
      <dateChanged id="91">2013-01-25 00:30:41</dateChanged>
    </org.openmrs.module.metadatasharing.Item>
    <org.openmrs.module.metadatasharing.Item id="92" uuid="17091FFFFFFFFFFFFFFFFFFFFFFFFFFFFFFF">
      <id>17091</id>
      <classname>org.openmrs.ConceptDescription</classname>
      <dateChanged id="93">2014-04-15 22:59:51</dateChanged>
    </org.openmrs.module.metadatasharing.Item>
    <org.openmrs.module.metadatasharing.Item id="94" uuid="146820ABBBBBBBBBBBBBBBBBBBBBBBBBBBBB">
      <id>146820</id>
      <classname>org.openmrs.ConceptMap</classname>
      <dateChanged id="95">2013-01-25 00:30:41</dateChanged>
    </org.openmrs.module.metadatasharing.Item>
    <org.openmrs.module.metadatasharing.Item id="96" uuid="35543629-7d8c-11e1-909d-c80aa9edcf4e">
      <id>1</id>
      <classname>org.openmrs.ConceptMapType</classname>
      <dateChanged id="97">2014-05-16 04:00:00</dateChanged>
      <retired>false</retired>
    </org.openmrs.module.metadatasharing.Item>
    <org.openmrs.module.metadatasharing.Item id="98" uuid="5f682aaa-8317-3dd9-90ef-25eb4557234f">
      <id>146820</id>
      <classname>org.openmrs.ConceptReferenceTerm</classname>
      <dateChanged id="99">2013-01-24 05:00:00</dateChanged>
      <retired>false</retired>
    </org.openmrs.module.metadatasharing.Item>
    <org.openmrs.module.metadatasharing.Item id="100" uuid="1ADDDDDDDDDDDDDDDDDDDDDDDDDDDDDDDDDD">
      <id>1</id>
      <classname>org.openmrs.ConceptSource</classname>
      <dateChanged id="101">2009-11-20 01:19:16</dateChanged>
      <retired>false</retired>
    </org.openmrs.module.metadatasharing.Item>
    <org.openmrs.module.metadatasharing.Item id="102" uuid="218664ABBBBBBBBBBBBBBBBBBBBBBBBBBBBB">
      <id>218664</id>
      <classname>org.openmrs.ConceptMap</classname>
      <dateChanged id="103">2013-07-03 22:53:08</dateChanged>
    </org.openmrs.module.metadatasharing.Item>
    <org.openmrs.module.metadatasharing.Item id="104" uuid="bb61c3f4-eb7a-3cf9-9c62-12262c503513">
      <id>218664</id>
      <classname>org.openmrs.ConceptReferenceTerm</classname>
      <dateChanged id="105">2013-07-03 04:00:00</dateChanged>
      <retired>false</retired>
    </org.openmrs.module.metadatasharing.Item>
    <org.openmrs.module.metadatasharing.Item id="106" uuid="21ADDDDDDDDDDDDDDDDDDDDDDDDDDDDDDDDD">
      <id>21</id>
      <classname>org.openmrs.ConceptSource</classname>
      <dateChanged id="107">2013-07-03 19:55:03</dateChanged>
      <retired>false</retired>
    </org.openmrs.module.metadatasharing.Item>
    <org.openmrs.module.metadatasharing.Item id="108" uuid="125518BBBBBBBBBBBBBBBBBBBBBBBBBBBBBB">
      <id>125518</id>
      <classname>org.openmrs.ConceptName</classname>
      <dateChanged id="109">2014-05-06 22:19:46</dateChanged>
    </org.openmrs.module.metadatasharing.Item>
    <org.openmrs.module.metadatasharing.Item id="110" uuid="125517BBBBBBBBBBBBBBBBBBBBBBBBBBBBBB">
      <id>125517</id>
      <classname>org.openmrs.ConceptName</classname>
      <dateChanged id="111">2014-05-06 22:19:46</dateChanged>
    </org.openmrs.module.metadatasharing.Item>
    <org.openmrs.module.metadatasharing.Item id="112" uuid="125519BBBBBBBBBBBBBBBBBBBBBBBBBBBBBB">
      <id>125519</id>
      <classname>org.openmrs.ConceptName</classname>
      <dateChanged id="113">2014-05-06 22:19:46</dateChanged>
    </org.openmrs.module.metadatasharing.Item>
    <org.openmrs.module.metadatasharing.Item id="114" uuid="17206FFFFFFFFFFFFFFFFFFFFFFFFFFFFFFF">
      <id>17206</id>
      <classname>org.openmrs.ConceptDescription</classname>
      <dateChanged id="115">2014-05-06 22:30:25</dateChanged>
    </org.openmrs.module.metadatasharing.Item>
    <org.openmrs.module.metadatasharing.Item id="116" uuid="275217ABBBBBBBBBBBBBBBBBBBBBBBBBBBBB">
      <id>275217</id>
      <classname>org.openmrs.ConceptMap</classname>
      <dateChanged id="117">2014-05-06 22:19:46</dateChanged>
    </org.openmrs.module.metadatasharing.Item>
    <org.openmrs.module.metadatasharing.Item id="118" uuid="43ac5109-7d8c-11e1-909d-c80aa9edcf4e">
      <id>2</id>
      <classname>org.openmrs.ConceptMapType</classname>
      <dateChanged id="119">2014-05-16 04:00:00</dateChanged>
      <retired>false</retired>
    </org.openmrs.module.metadatasharing.Item>
    <org.openmrs.module.metadatasharing.Item id="120" uuid="1bb32fd2-a9d7-32a6-9ab8-f46eb8f63d6b">
      <id>275217</id>
      <classname>org.openmrs.ConceptReferenceTerm</classname>
      <dateChanged id="121">2014-05-06 04:00:00</dateChanged>
      <retired>false</retired>
    </org.openmrs.module.metadatasharing.Item>
    <org.openmrs.module.metadatasharing.Item id="122" uuid="275218ABBBBBBBBBBBBBBBBBBBBBBBBBBBBB">
      <id>275218</id>
      <classname>org.openmrs.ConceptMap</classname>
      <dateChanged id="123">2014-05-06 22:19:54</dateChanged>
    </org.openmrs.module.metadatasharing.Item>
    <org.openmrs.module.metadatasharing.Item id="124" uuid="8e7174b5-2504-3a00-9261-ee477a630bd9">
      <id>275218</id>
      <classname>org.openmrs.ConceptReferenceTerm</classname>
      <dateChanged id="125">2014-05-06 04:00:00</dateChanged>
      <retired>false</retired>
    </org.openmrs.module.metadatasharing.Item>
    <org.openmrs.module.metadatasharing.Item id="126" uuid="1775BBBBBBBBBBBBBBBBBBBBBBBBBBBBBBBB">
      <id>1775</id>
      <classname>org.openmrs.ConceptName</classname>
      <dateChanged id="127">2007-10-22 02:15:30</dateChanged>
    </org.openmrs.module.metadatasharing.Item>
    <org.openmrs.module.metadatasharing.Item id="128" uuid="125623BBBBBBBBBBBBBBBBBBBBBBBBBBBBBB">
      <id>125623</id>
      <classname>org.openmrs.ConceptName</classname>
      <dateChanged id="129">2014-05-16 00:18:17</dateChanged>
    </org.openmrs.module.metadatasharing.Item>
    <org.openmrs.module.metadatasharing.Item id="130" uuid="125622BBBBBBBBBBBBBBBBBBBBBBBBBBBBBB">
      <id>125622</id>
      <classname>org.openmrs.ConceptName</classname>
      <dateChanged id="131">2014-05-16 00:18:17</dateChanged>
    </org.openmrs.module.metadatasharing.Item>
    <org.openmrs.module.metadatasharing.Item id="132" uuid="1776BBBBBBBBBBBBBBBBBBBBBBBBBBBBBBBB">
      <id>1776</id>
      <classname>org.openmrs.ConceptName</classname>
      <dateChanged id="133">2007-10-22 02:15:30</dateChanged>
    </org.openmrs.module.metadatasharing.Item>
    <org.openmrs.module.metadatasharing.Item id="134" uuid="132485ABBBBBBBBBBBBBBBBBBBBBBBBBBBBB">
      <id>132485</id>
      <classname>org.openmrs.ConceptMap</classname>
      <dateChanged id="135">2010-07-28 19:47:59</dateChanged>
    </org.openmrs.module.metadatasharing.Item>
    <org.openmrs.module.metadatasharing.Item id="136" uuid="8bd90177-a15e-37a6-968c-f2bb0f7be5db">
      <id>132485</id>
      <classname>org.openmrs.ConceptReferenceTerm</classname>
      <dateChanged id="137">2010-07-28 04:00:00</dateChanged>
      <retired>false</retired>
    </org.openmrs.module.metadatasharing.Item>
    <org.openmrs.module.metadatasharing.Item id="138" uuid="171760ABBBBBBBBBBBBBBBBBBBBBBBBBBBBB">
      <id>171760</id>
      <classname>org.openmrs.ConceptMap</classname>
      <dateChanged id="139">2013-07-03 22:53:08</dateChanged>
    </org.openmrs.module.metadatasharing.Item>
    <org.openmrs.module.metadatasharing.Item id="140" uuid="7f480d23-2e23-32cd-b853-70794bd676c4">
      <id>171760</id>
      <classname>org.openmrs.ConceptReferenceTerm</classname>
      <dateChanged id="141">2013-07-03 04:00:00</dateChanged>
      <retired>false</retired>
    </org.openmrs.module.metadatasharing.Item>
    <org.openmrs.module.metadatasharing.Item id="142" uuid="125611BBBBBBBBBBBBBBBBBBBBBBBBBBBBBB">
      <id>125611</id>
      <classname>org.openmrs.ConceptName</classname>
      <dateChanged id="143">2014-05-16 00:15:05</dateChanged>
    </org.openmrs.module.metadatasharing.Item>
    <org.openmrs.module.metadatasharing.Item id="144" uuid="125612BBBBBBBBBBBBBBBBBBBBBBBBBBBBBB">
      <id>125612</id>
      <classname>org.openmrs.ConceptName</classname>
      <dateChanged id="145">2014-05-16 00:15:05</dateChanged>
    </org.openmrs.module.metadatasharing.Item>
    <org.openmrs.module.metadatasharing.Item id="146" uuid="277341ABBBBBBBBBBBBBBBBBBBBBBBBBBBBB">
      <id>277341</id>
      <classname>org.openmrs.ConceptMap</classname>
      <dateChanged id="147">2014-05-16 00:15:12</dateChanged>
    </org.openmrs.module.metadatasharing.Item>
    <org.openmrs.module.metadatasharing.Item id="148" uuid="db378732-d480-3560-b81b-38e03973765c">
      <id>277341</id>
      <classname>org.openmrs.ConceptReferenceTerm</classname>
      <dateChanged id="149">2014-05-15 04:00:00</dateChanged>
      <retired>false</retired>
    </org.openmrs.module.metadatasharing.Item>
    <org.openmrs.module.metadatasharing.Item id="150" uuid="277340ABBBBBBBBBBBBBBBBBBBBBBBBBBBBB">
      <id>277340</id>
      <classname>org.openmrs.ConceptMap</classname>
      <dateChanged id="151">2014-05-16 00:15:05</dateChanged>
    </org.openmrs.module.metadatasharing.Item>
    <org.openmrs.module.metadatasharing.Item id="152" uuid="6666d7b4-cf3f-3489-98ac-f18949707d7a">
      <id>277340</id>
      <classname>org.openmrs.ConceptReferenceTerm</classname>
      <dateChanged id="153">2014-05-15 04:00:00</dateChanged>
      <retired>false</retired>
    </org.openmrs.module.metadatasharing.Item>
    <org.openmrs.module.metadatasharing.Item id="154" uuid="125577BBBBBBBBBBBBBBBBBBBBBBBBBBBBBB">
      <id>125577</id>
      <classname>org.openmrs.ConceptName</classname>
      <dateChanged id="155">2014-05-15 23:59:54</dateChanged>
    </org.openmrs.module.metadatasharing.Item>
    <org.openmrs.module.metadatasharing.Item id="156" uuid="125578BBBBBBBBBBBBBBBBBBBBBBBBBBBBBB">
      <id>125578</id>
      <classname>org.openmrs.ConceptName</classname>
      <dateChanged id="157">2014-05-15 23:59:54</dateChanged>
    </org.openmrs.module.metadatasharing.Item>
    <org.openmrs.module.metadatasharing.Item id="158" uuid="277316ABBBBBBBBBBBBBBBBBBBBBBBBBBBBB">
      <id>277316</id>
      <classname>org.openmrs.ConceptMap</classname>
      <dateChanged id="159">2014-05-15 23:59:54</dateChanged>
    </org.openmrs.module.metadatasharing.Item>
    <org.openmrs.module.metadatasharing.Item id="160" uuid="c2387a18-d731-3546-b559-2de41a817311">
      <id>277316</id>
      <classname>org.openmrs.ConceptReferenceTerm</classname>
      <dateChanged id="161">2014-05-15 04:00:00</dateChanged>
      <retired>false</retired>
    </org.openmrs.module.metadatasharing.Item>
    <org.openmrs.module.metadatasharing.Item id="162" uuid="277317ABBBBBBBBBBBBBBBBBBBBBBBBBBBBB">
      <id>277317</id>
      <classname>org.openmrs.ConceptMap</classname>
      <dateChanged id="163">2014-05-16 00:00:01</dateChanged>
    </org.openmrs.module.metadatasharing.Item>
    <org.openmrs.module.metadatasharing.Item id="164" uuid="6dff22c1-d44c-3c35-82ce-be317d2768e2">
      <id>277317</id>
      <classname>org.openmrs.ConceptReferenceTerm</classname>
      <dateChanged id="165">2014-05-15 04:00:00</dateChanged>
      <retired>false</retired>
    </org.openmrs.module.metadatasharing.Item>
    <org.openmrs.module.metadatasharing.Item id="166" uuid="125590BBBBBBBBBBBBBBBBBBBBBBBBBBBBBB">
      <id>125590</id>
      <classname>org.openmrs.ConceptName</classname>
      <dateChanged id="167">2014-05-16 00:04:06</dateChanged>
    </org.openmrs.module.metadatasharing.Item>
    <org.openmrs.module.metadatasharing.Item id="168" uuid="125591BBBBBBBBBBBBBBBBBBBBBBBBBBBBBB">
      <id>125591</id>
      <classname>org.openmrs.ConceptName</classname>
      <dateChanged id="169">2014-05-16 00:04:06</dateChanged>
    </org.openmrs.module.metadatasharing.Item>
    <org.openmrs.module.metadatasharing.Item id="170" uuid="125592BBBBBBBBBBBBBBBBBBBBBBBBBBBBBB">
      <id>125592</id>
      <classname>org.openmrs.ConceptName</classname>
      <dateChanged id="171">2014-05-16 00:04:06</dateChanged>
    </org.openmrs.module.metadatasharing.Item>
    <org.openmrs.module.metadatasharing.Item id="172" uuid="125589BBBBBBBBBBBBBBBBBBBBBBBBBBBBBB">
      <id>125589</id>
      <classname>org.openmrs.ConceptName</classname>
      <dateChanged id="173">2014-05-16 00:04:06</dateChanged>
    </org.openmrs.module.metadatasharing.Item>
    <org.openmrs.module.metadatasharing.Item id="174" uuid="277324ABBBBBBBBBBBBBBBBBBBBBBBBBBBBB">
      <id>277324</id>
      <classname>org.openmrs.ConceptMap</classname>
      <dateChanged id="175">2014-05-16 00:04:06</dateChanged>
    </org.openmrs.module.metadatasharing.Item>
    <org.openmrs.module.metadatasharing.Item id="176" uuid="ec6f2b09-6f60-322f-841c-6476b82545b6">
      <id>277324</id>
      <classname>org.openmrs.ConceptReferenceTerm</classname>
      <dateChanged id="177">2014-05-15 04:00:00</dateChanged>
      <retired>false</retired>
    </org.openmrs.module.metadatasharing.Item>
    <org.openmrs.module.metadatasharing.Item id="178" uuid="277325ABBBBBBBBBBBBBBBBBBBBBBBBBBBBB">
      <id>277325</id>
      <classname>org.openmrs.ConceptMap</classname>
      <dateChanged id="179">2014-05-16 00:04:13</dateChanged>
    </org.openmrs.module.metadatasharing.Item>
    <org.openmrs.module.metadatasharing.Item id="180" uuid="c3ab44bc-2555-3ac2-830f-ab75c69b0925">
      <id>277325</id>
      <classname>org.openmrs.ConceptReferenceTerm</classname>
      <dateChanged id="181">2014-05-15 04:00:00</dateChanged>
      <retired>false</retired>
    </org.openmrs.module.metadatasharing.Item>
    <org.openmrs.module.metadatasharing.Item id="182" uuid="125641BBBBBBBBBBBBBBBBBBBBBBBBBBBBBB">
      <id>125641</id>
      <classname>org.openmrs.ConceptName</classname>
      <dateChanged id="183">2014-05-16 00:27:44</dateChanged>
    </org.openmrs.module.metadatasharing.Item>
    <org.openmrs.module.metadatasharing.Item id="184" uuid="125643BBBBBBBBBBBBBBBBBBBBBBBBBBBBBB">
      <id>125643</id>
      <classname>org.openmrs.ConceptName</classname>
      <dateChanged id="185">2014-05-16 00:27:44</dateChanged>
    </org.openmrs.module.metadatasharing.Item>
    <org.openmrs.module.metadatasharing.Item id="186" uuid="125642BBBBBBBBBBBBBBBBBBBBBBBBBBBBBB">
      <id>125642</id>
      <classname>org.openmrs.ConceptName</classname>
      <dateChanged id="187">2014-05-16 00:27:44</dateChanged>
    </org.openmrs.module.metadatasharing.Item>
    <org.openmrs.module.metadatasharing.Item id="188" uuid="277362ABBBBBBBBBBBBBBBBBBBBBBBBBBBBB">
      <id>277362</id>
      <classname>org.openmrs.ConceptMap</classname>
      <dateChanged id="189">2014-05-16 00:27:44</dateChanged>
    </org.openmrs.module.metadatasharing.Item>
    <org.openmrs.module.metadatasharing.Item id="190" uuid="befa85c5-fd84-3a8f-a606-6f51cf70e327">
      <id>277362</id>
      <classname>org.openmrs.ConceptReferenceTerm</classname>
      <dateChanged id="191">2014-05-15 04:00:00</dateChanged>
      <retired>false</retired>
    </org.openmrs.module.metadatasharing.Item>
    <org.openmrs.module.metadatasharing.Item id="192" uuid="277363ABBBBBBBBBBBBBBBBBBBBBBBBBBBBB">
      <id>277363</id>
      <classname>org.openmrs.ConceptMap</classname>
      <dateChanged id="193">2014-05-16 00:27:51</dateChanged>
    </org.openmrs.module.metadatasharing.Item>
    <org.openmrs.module.metadatasharing.Item id="194" uuid="92176846-8b3f-3e48-b962-a19499a93796">
      <id>277363</id>
      <classname>org.openmrs.ConceptReferenceTerm</classname>
      <dateChanged id="195">2014-05-15 04:00:00</dateChanged>
      <retired>false</retired>
    </org.openmrs.module.metadatasharing.Item>
    <org.openmrs.module.metadatasharing.Item id="196" uuid="125563BBBBBBBBBBBBBBBBBBBBBBBBBBBBBB">
      <id>125563</id>
      <classname>org.openmrs.ConceptName</classname>
      <dateChanged id="197">2014-05-15 23:55:40</dateChanged>
    </org.openmrs.module.metadatasharing.Item>
    <org.openmrs.module.metadatasharing.Item id="198" uuid="125562BBBBBBBBBBBBBBBBBBBBBBBBBBBBBB">
      <id>125562</id>
      <classname>org.openmrs.ConceptName</classname>
      <dateChanged id="199">2014-05-15 23:55:40</dateChanged>
    </org.openmrs.module.metadatasharing.Item>
    <org.openmrs.module.metadatasharing.Item id="200" uuid="277307ABBBBBBBBBBBBBBBBBBBBBBBBBBBBB">
      <id>277307</id>
      <classname>org.openmrs.ConceptMap</classname>
      <dateChanged id="201">2014-05-15 23:55:48</dateChanged>
    </org.openmrs.module.metadatasharing.Item>
    <org.openmrs.module.metadatasharing.Item id="202" uuid="59679bf4-87df-3359-afc4-2c31422d85b3">
      <id>277307</id>
      <classname>org.openmrs.ConceptReferenceTerm</classname>
      <dateChanged id="203">2014-05-15 04:00:00</dateChanged>
      <retired>false</retired>
    </org.openmrs.module.metadatasharing.Item>
    <org.openmrs.module.metadatasharing.Item id="204" uuid="277306ABBBBBBBBBBBBBBBBBBBBBBBBBBBBB">
      <id>277306</id>
      <classname>org.openmrs.ConceptMap</classname>
      <dateChanged id="205">2014-05-15 23:55:40</dateChanged>
    </org.openmrs.module.metadatasharing.Item>
    <org.openmrs.module.metadatasharing.Item id="206" uuid="fb47c0de-deab-393a-b0b3-0f45b664c84e">
      <id>277300</id>
      <classname>org.openmrs.ConceptReferenceTerm</classname>
      <dateChanged id="207">2014-05-15 04:00:00</dateChanged>
      <retired>false</retired>
    </org.openmrs.module.metadatasharing.Item>
    <org.openmrs.module.metadatasharing.Item id="208" uuid="2ADDDDDDDDDDDDDDDDDDDDDDDDDDDDDDDDDD">
      <id>2</id>
      <classname>org.openmrs.ConceptSource</classname>
      <dateChanged id="209">2010-04-25 15:12:44</dateChanged>
      <retired>false</retired>
    </org.openmrs.module.metadatasharing.Item>
    <org.openmrs.module.metadatasharing.Item id="210" uuid="125638BBBBBBBBBBBBBBBBBBBBBBBBBBBBBB">
      <id>125638</id>
      <classname>org.openmrs.ConceptName</classname>
      <dateChanged id="211">2014-05-16 00:24:36</dateChanged>
    </org.openmrs.module.metadatasharing.Item>
    <org.openmrs.module.metadatasharing.Item id="212" uuid="125636BBBBBBBBBBBBBBBBBBBBBBBBBBBBBB">
      <id>125636</id>
      <classname>org.openmrs.ConceptName</classname>
      <dateChanged id="213">2014-05-16 00:24:36</dateChanged>
    </org.openmrs.module.metadatasharing.Item>
    <org.openmrs.module.metadatasharing.Item id="214" uuid="125637BBBBBBBBBBBBBBBBBBBBBBBBBBBBBB">
      <id>125637</id>
      <classname>org.openmrs.ConceptName</classname>
      <dateChanged id="215">2014-05-16 00:24:36</dateChanged>
    </org.openmrs.module.metadatasharing.Item>
    <org.openmrs.module.metadatasharing.Item id="216" uuid="277358ABBBBBBBBBBBBBBBBBBBBBBBBBBBBB">
      <id>277358</id>
      <classname>org.openmrs.ConceptMap</classname>
      <dateChanged id="217">2014-05-16 00:24:36</dateChanged>
    </org.openmrs.module.metadatasharing.Item>
    <org.openmrs.module.metadatasharing.Item id="218" uuid="79dd8d84-96a6-3f7c-bf3b-0a4f64552bd7">
      <id>277358</id>
      <classname>org.openmrs.ConceptReferenceTerm</classname>
      <dateChanged id="219">2014-05-15 04:00:00</dateChanged>
      <retired>false</retired>
    </org.openmrs.module.metadatasharing.Item>
    <org.openmrs.module.metadatasharing.Item id="220" uuid="277359ABBBBBBBBBBBBBBBBBBBBBBBBBBBBB">
      <id>277359</id>
      <classname>org.openmrs.ConceptMap</classname>
      <dateChanged id="221">2014-05-16 00:24:42</dateChanged>
    </org.openmrs.module.metadatasharing.Item>
    <org.openmrs.module.metadatasharing.Item id="222" uuid="77b458cc-06ac-3607-98fb-9a6a0f1d07f0">
      <id>277359</id>
      <classname>org.openmrs.ConceptReferenceTerm</classname>
      <dateChanged id="223">2014-05-15 04:00:00</dateChanged>
      <retired>false</retired>
    </org.openmrs.module.metadatasharing.Item>
    <org.openmrs.module.metadatasharing.Item id="224" uuid="125620BBBBBBBBBBBBBBBBBBBBBBBBBBBBBB">
      <id>125620</id>
      <classname>org.openmrs.ConceptName</classname>
      <dateChanged id="225">2014-05-16 00:17:28</dateChanged>
    </org.openmrs.module.metadatasharing.Item>
    <org.openmrs.module.metadatasharing.Item id="226" uuid="125621BBBBBBBBBBBBBBBBBBBBBBBBBBBBBB">
      <id>125621</id>
      <classname>org.openmrs.ConceptName</classname>
      <dateChanged id="227">2014-05-16 00:17:28</dateChanged>
    </org.openmrs.module.metadatasharing.Item>
    <org.openmrs.module.metadatasharing.Item id="228" uuid="277347ABBBBBBBBBBBBBBBBBBBBBBBBBBBBB">
      <id>277347</id>
      <classname>org.openmrs.ConceptMap</classname>
      <dateChanged id="229">2014-05-16 00:17:35</dateChanged>
    </org.openmrs.module.metadatasharing.Item>
    <org.openmrs.module.metadatasharing.Item id="230" uuid="f750ebff-7224-3824-9b5c-8ebba04d80d1">
      <id>277347</id>
      <classname>org.openmrs.ConceptReferenceTerm</classname>
      <dateChanged id="231">2014-05-15 04:00:00</dateChanged>
      <retired>false</retired>
    </org.openmrs.module.metadatasharing.Item>
    <org.openmrs.module.metadatasharing.Item id="232" uuid="277346ABBBBBBBBBBBBBBBBBBBBBBBBBBBBB">
      <id>277346</id>
      <classname>org.openmrs.ConceptMap</classname>
      <dateChanged id="233">2014-05-16 00:17:28</dateChanged>
    </org.openmrs.module.metadatasharing.Item>
    <org.openmrs.module.metadatasharing.Item id="234" uuid="e5ee36df-7071-3161-ad98-3188fccf2c63">
      <id>277346</id>
      <classname>org.openmrs.ConceptReferenceTerm</classname>
      <dateChanged id="235">2014-05-15 04:00:00</dateChanged>
      <retired>false</retired>
    </org.openmrs.module.metadatasharing.Item>
    <org.openmrs.module.metadatasharing.Item id="236" uuid="125609BBBBBBBBBBBBBBBBBBBBBBBBBBBBBB">
      <id>125609</id>
      <classname>org.openmrs.ConceptName</classname>
      <dateChanged id="237">2014-05-16 00:14:31</dateChanged>
    </org.openmrs.module.metadatasharing.Item>
    <org.openmrs.module.metadatasharing.Item id="238" uuid="125610BBBBBBBBBBBBBBBBBBBBBBBBBBBBBB">
      <id>125610</id>
      <classname>org.openmrs.ConceptName</classname>
      <dateChanged id="239">2014-05-16 00:14:31</dateChanged>
    </org.openmrs.module.metadatasharing.Item>
    <org.openmrs.module.metadatasharing.Item id="240" uuid="277338ABBBBBBBBBBBBBBBBBBBBBBBBBBBBB">
      <id>277338</id>
      <classname>org.openmrs.ConceptMap</classname>
      <dateChanged id="241">2014-05-16 00:14:31</dateChanged>
    </org.openmrs.module.metadatasharing.Item>
    <org.openmrs.module.metadatasharing.Item id="242" uuid="b715007a-b8e6-32bf-8807-9f6fc8d2236e">
      <id>277338</id>
      <classname>org.openmrs.ConceptReferenceTerm</classname>
      <dateChanged id="243">2014-05-15 04:00:00</dateChanged>
      <retired>false</retired>
    </org.openmrs.module.metadatasharing.Item>
    <org.openmrs.module.metadatasharing.Item id="244" uuid="277339ABBBBBBBBBBBBBBBBBBBBBBBBBBBBB">
      <id>277339</id>
      <classname>org.openmrs.ConceptMap</classname>
      <dateChanged id="245">2014-05-16 00:14:38</dateChanged>
    </org.openmrs.module.metadatasharing.Item>
    <org.openmrs.module.metadatasharing.Item id="246" uuid="c05a3b37-0b4c-365c-b210-df55f2a4b0c3">
      <id>277339</id>
      <classname>org.openmrs.ConceptReferenceTerm</classname>
      <dateChanged id="247">2014-05-15 04:00:00</dateChanged>
      <retired>false</retired>
    </org.openmrs.module.metadatasharing.Item>
    <org.openmrs.module.metadatasharing.Item id="248" uuid="125640BBBBBBBBBBBBBBBBBBBBBBBBBBBBBB">
      <id>125640</id>
      <classname>org.openmrs.ConceptName</classname>
      <dateChanged id="249">2014-05-16 00:27:05</dateChanged>
    </org.openmrs.module.metadatasharing.Item>
    <org.openmrs.module.metadatasharing.Item id="250" uuid="125639BBBBBBBBBBBBBBBBBBBBBBBBBBBBBB">
      <id>125639</id>
      <classname>org.openmrs.ConceptName</classname>
      <dateChanged id="251">2014-05-16 00:27:05</dateChanged>
    </org.openmrs.module.metadatasharing.Item>
    <org.openmrs.module.metadatasharing.Item id="252" uuid="277360ABBBBBBBBBBBBBBBBBBBBBBBBBBBBB">
      <id>277360</id>
      <classname>org.openmrs.ConceptMap</classname>
      <dateChanged id="253">2014-05-16 00:27:05</dateChanged>
    </org.openmrs.module.metadatasharing.Item>
    <org.openmrs.module.metadatasharing.Item id="254" uuid="7ff1fe53-8de6-34ef-94b0-79adcb5daf1b">
      <id>277360</id>
      <classname>org.openmrs.ConceptReferenceTerm</classname>
      <dateChanged id="255">2014-05-15 04:00:00</dateChanged>
      <retired>false</retired>
    </org.openmrs.module.metadatasharing.Item>
    <org.openmrs.module.metadatasharing.Item id="256" uuid="277361ABBBBBBBBBBBBBBBBBBBBBBBBBBBBB">
      <id>277361</id>
      <classname>org.openmrs.ConceptMap</classname>
      <dateChanged id="257">2014-05-16 00:27:12</dateChanged>
    </org.openmrs.module.metadatasharing.Item>
    <org.openmrs.module.metadatasharing.Item id="258" uuid="8ba35618-d944-32df-8593-ebfab72ede48">
      <id>277361</id>
      <classname>org.openmrs.ConceptReferenceTerm</classname>
      <dateChanged id="259">2014-05-15 04:00:00</dateChanged>
      <retired>false</retired>
    </org.openmrs.module.metadatasharing.Item>
    <org.openmrs.module.metadatasharing.Item id="260" uuid="125635BBBBBBBBBBBBBBBBBBBBBBBBBBBBBB">
      <id>125635</id>
      <classname>org.openmrs.ConceptName</classname>
      <dateChanged id="261">2014-05-16 00:24:02</dateChanged>
    </org.openmrs.module.metadatasharing.Item>
    <org.openmrs.module.metadatasharing.Item id="262" uuid="125634BBBBBBBBBBBBBBBBBBBBBBBBBBBBBB">
      <id>125634</id>
      <classname>org.openmrs.ConceptName</classname>
      <dateChanged id="263">2014-05-16 00:24:02</dateChanged>
    </org.openmrs.module.metadatasharing.Item>
    <org.openmrs.module.metadatasharing.Item id="264" uuid="277357ABBBBBBBBBBBBBBBBBBBBBBBBBBBBB">
      <id>277357</id>
      <classname>org.openmrs.ConceptMap</classname>
      <dateChanged id="265">2014-05-16 00:24:09</dateChanged>
    </org.openmrs.module.metadatasharing.Item>
    <org.openmrs.module.metadatasharing.Item id="266" uuid="ad1d1112-e720-3886-8142-71fa2f649705">
      <id>277357</id>
      <classname>org.openmrs.ConceptReferenceTerm</classname>
      <dateChanged id="267">2014-05-15 04:00:00</dateChanged>
      <retired>false</retired>
    </org.openmrs.module.metadatasharing.Item>
    <org.openmrs.module.metadatasharing.Item id="268" uuid="277356ABBBBBBBBBBBBBBBBBBBBBBBBBBBBB">
      <id>277356</id>
      <classname>org.openmrs.ConceptMap</classname>
      <dateChanged id="269">2014-05-16 00:24:02</dateChanged>
    </org.openmrs.module.metadatasharing.Item>
    <org.openmrs.module.metadatasharing.Item id="270" uuid="c2ba3699-b762-3459-a2c9-6b5e1f41b413">
      <id>277356</id>
      <classname>org.openmrs.ConceptReferenceTerm</classname>
      <dateChanged id="271">2014-05-15 04:00:00</dateChanged>
      <retired>false</retired>
    </org.openmrs.module.metadatasharing.Item>
    <org.openmrs.module.metadatasharing.Item id="272" uuid="125556BBBBBBBBBBBBBBBBBBBBBBBBBBBBBB">
      <id>125556</id>
      <classname>org.openmrs.ConceptName</classname>
      <dateChanged id="273">2014-05-15 23:52:26</dateChanged>
    </org.openmrs.module.metadatasharing.Item>
    <org.openmrs.module.metadatasharing.Item id="274" uuid="125557BBBBBBBBBBBBBBBBBBBBBBBBBBBBBB">
      <id>125557</id>
      <classname>org.openmrs.ConceptName</classname>
      <dateChanged id="275">2014-05-15 23:52:40</dateChanged>
    </org.openmrs.module.metadatasharing.Item>
    <org.openmrs.module.metadatasharing.Item id="276" uuid="277301ABBBBBBBBBBBBBBBBBBBBBBBBBBBBB">
      <id>277301</id>
      <classname>org.openmrs.ConceptMap</classname>
      <dateChanged id="277">2014-05-15 23:52:40</dateChanged>
    </org.openmrs.module.metadatasharing.Item>
    <org.openmrs.module.metadatasharing.Item id="278" uuid="4a84035c-d996-33f4-9ecd-f222d39461c7">
      <id>277301</id>
      <classname>org.openmrs.ConceptReferenceTerm</classname>
      <dateChanged id="279">2014-05-15 04:00:00</dateChanged>
      <retired>false</retired>
    </org.openmrs.module.metadatasharing.Item>
    <org.openmrs.module.metadatasharing.Item id="280" uuid="277300ABBBBBBBBBBBBBBBBBBBBBBBBBBBBB">
      <id>277300</id>
      <classname>org.openmrs.ConceptMap</classname>
      <dateChanged id="281">2014-05-15 23:52:26</dateChanged>
    </org.openmrs.module.metadatasharing.Item>
    <org.openmrs.module.metadatasharing.Item id="282" uuid="125317BBBBBBBBBBBBBBBBBBBBBBBBBBBBBB">
      <id>125317</id>
      <classname>org.openmrs.ConceptName</classname>
      <dateChanged id="283">2014-01-29 07:59:06</dateChanged>
    </org.openmrs.module.metadatasharing.Item>
    <org.openmrs.module.metadatasharing.Item id="284" uuid="125316BBBBBBBBBBBBBBBBBBBBBBBBBBBBBB">
      <id>125316</id>
      <classname>org.openmrs.ConceptName</classname>
      <dateChanged id="285">2014-01-29 07:59:06</dateChanged>
    </org.openmrs.module.metadatasharing.Item>
    <org.openmrs.module.metadatasharing.Item id="286" uuid="17186FFFFFFFFFFFFFFFFFFFFFFFFFFFFFFF">
      <id>17186</id>
      <classname>org.openmrs.ConceptDescription</classname>
      <dateChanged id="287">2014-04-15 23:00:39</dateChanged>
    </org.openmrs.module.metadatasharing.Item>
    <org.openmrs.module.metadatasharing.Item id="288" uuid="275012ABBBBBBBBBBBBBBBBBBBBBBBBBBBBB">
      <id>275012</id>
      <classname>org.openmrs.ConceptMap</classname>
      <dateChanged id="289">2014-01-29 07:59:17</dateChanged>
    </org.openmrs.module.metadatasharing.Item>
    <org.openmrs.module.metadatasharing.Item id="290" uuid="113ccb56-af89-398d-9fbc-360fb66c3ed8">
      <id>275012</id>
      <classname>org.openmrs.ConceptReferenceTerm</classname>
      <dateChanged id="291">2014-01-29 05:00:00</dateChanged>
      <retired>false</retired>
    </org.openmrs.module.metadatasharing.Item>
    <org.openmrs.module.metadatasharing.Item id="292" uuid="275011ABBBBBBBBBBBBBBBBBBBBBBBBBBBBB">
      <id>275011</id>
      <classname>org.openmrs.ConceptMap</classname>
      <dateChanged id="293">2014-01-29 07:59:06</dateChanged>
    </org.openmrs.module.metadatasharing.Item>
    <org.openmrs.module.metadatasharing.Item id="294" uuid="e12eeb8e-c8b7-35bb-8888-907dcca8458d">
      <id>275011</id>
      <classname>org.openmrs.ConceptReferenceTerm</classname>
      <dateChanged id="295">2014-01-29 05:00:00</dateChanged>
      <retired>false</retired>
    </org.openmrs.module.metadatasharing.Item>
    <org.openmrs.module.metadatasharing.Item id="296" uuid="125615BBBBBBBBBBBBBBBBBBBBBBBBBBBBBB">
      <id>125615</id>
      <classname>org.openmrs.ConceptName</classname>
      <dateChanged id="297">2014-05-16 00:16:07</dateChanged>
    </org.openmrs.module.metadatasharing.Item>
    <org.openmrs.module.metadatasharing.Item id="298" uuid="125613BBBBBBBBBBBBBBBBBBBBBBBBBBBBBB">
      <id>125613</id>
      <classname>org.openmrs.ConceptName</classname>
      <dateChanged id="299">2014-05-16 00:16:07</dateChanged>
    </org.openmrs.module.metadatasharing.Item>
    <org.openmrs.module.metadatasharing.Item id="300" uuid="125614BBBBBBBBBBBBBBBBBBBBBBBBBBBBBB">
      <id>125614</id>
      <classname>org.openmrs.ConceptName</classname>
      <dateChanged id="301">2014-05-16 00:16:07</dateChanged>
    </org.openmrs.module.metadatasharing.Item>
    <org.openmrs.module.metadatasharing.Item id="302" uuid="125616BBBBBBBBBBBBBBBBBBBBBBBBBBBBBB">
      <id>125616</id>
      <classname>org.openmrs.ConceptName</classname>
      <dateChanged id="303">2014-05-16 00:16:07</dateChanged>
    </org.openmrs.module.metadatasharing.Item>
    <org.openmrs.module.metadatasharing.Item id="304" uuid="277342ABBBBBBBBBBBBBBBBBBBBBBBBBBBBB">
      <id>277342</id>
      <classname>org.openmrs.ConceptMap</classname>
      <dateChanged id="305">2014-05-16 00:16:07</dateChanged>
    </org.openmrs.module.metadatasharing.Item>
    <org.openmrs.module.metadatasharing.Item id="306" uuid="ee63eeea-9e81-3daa-9d2b-0296043c8bb3">
      <id>277342</id>
      <classname>org.openmrs.ConceptReferenceTerm</classname>
      <dateChanged id="307">2014-05-15 04:00:00</dateChanged>
      <retired>false</retired>
    </org.openmrs.module.metadatasharing.Item>
    <org.openmrs.module.metadatasharing.Item id="308" uuid="277343ABBBBBBBBBBBBBBBBBBBBBBBBBBBBB">
      <id>277343</id>
      <classname>org.openmrs.ConceptMap</classname>
      <dateChanged id="309">2014-05-16 00:16:14</dateChanged>
    </org.openmrs.module.metadatasharing.Item>
    <org.openmrs.module.metadatasharing.Item id="310" uuid="bad683e3-02cf-3518-88d5-99219be67cda">
      <id>277343</id>
      <classname>org.openmrs.ConceptReferenceTerm</classname>
      <dateChanged id="311">2014-05-15 04:00:00</dateChanged>
      <retired>false</retired>
    </org.openmrs.module.metadatasharing.Item>
    <org.openmrs.module.metadatasharing.Item id="312" uuid="125569BBBBBBBBBBBBBBBBBBBBBBBBBBBBBB">
      <id>125569</id>
      <classname>org.openmrs.ConceptName</classname>
      <dateChanged id="313">2014-05-15 23:57:45</dateChanged>
    </org.openmrs.module.metadatasharing.Item>
    <org.openmrs.module.metadatasharing.Item id="314" uuid="125568BBBBBBBBBBBBBBBBBBBBBBBBBBBBBB">
      <id>125568</id>
      <classname>org.openmrs.ConceptName</classname>
      <dateChanged id="315">2014-05-15 23:57:45</dateChanged>
    </org.openmrs.module.metadatasharing.Item>
    <org.openmrs.module.metadatasharing.Item id="316" uuid="125570BBBBBBBBBBBBBBBBBBBBBBBBBBBBBB">
      <id>125570</id>
      <classname>org.openmrs.ConceptName</classname>
      <dateChanged id="317">2014-05-15 23:57:45</dateChanged>
    </org.openmrs.module.metadatasharing.Item>
    <org.openmrs.module.metadatasharing.Item id="318" uuid="125571BBBBBBBBBBBBBBBBBBBBBBBBBBBBBB">
      <id>125571</id>
      <classname>org.openmrs.ConceptName</classname>
      <dateChanged id="319">2014-05-15 23:58:04</dateChanged>
    </org.openmrs.module.metadatasharing.Item>
    <org.openmrs.module.metadatasharing.Item id="320" uuid="277312ABBBBBBBBBBBBBBBBBBBBBBBBBBBBB">
      <id>277312</id>
      <classname>org.openmrs.ConceptMap</classname>
      <dateChanged id="321">2014-05-15 23:57:45</dateChanged>
    </org.openmrs.module.metadatasharing.Item>
    <org.openmrs.module.metadatasharing.Item id="322" uuid="1c39c165-7fc0-3d15-b7b7-030e050fd684">
      <id>277312</id>
      <classname>org.openmrs.ConceptReferenceTerm</classname>
      <dateChanged id="323">2014-05-15 04:00:00</dateChanged>
      <retired>false</retired>
    </org.openmrs.module.metadatasharing.Item>
    <org.openmrs.module.metadatasharing.Item id="324" uuid="277313ABBBBBBBBBBBBBBBBBBBBBBBBBBBBB">
      <id>277313</id>
      <classname>org.openmrs.ConceptMap</classname>
      <dateChanged id="325">2014-05-15 23:58:04</dateChanged>
    </org.openmrs.module.metadatasharing.Item>
    <org.openmrs.module.metadatasharing.Item id="326" uuid="8e1c20fd-235c-36ec-ae89-808ad2ab8fab">
      <id>277313</id>
      <classname>org.openmrs.ConceptReferenceTerm</classname>
      <dateChanged id="327">2014-05-15 04:00:00</dateChanged>
      <retired>false</retired>
    </org.openmrs.module.metadatasharing.Item>
    <org.openmrs.module.metadatasharing.Item id="328" uuid="8d4a4ab4-c2cc-11de-8d13-0010c6dffd0f">
      <id>3</id>
      <classname>org.openmrs.ConceptDatatype</classname>
      <dateChanged id="329">2004-02-02 05:00:00</dateChanged>
      <retired>false</retired>
    </org.openmrs.module.metadatasharing.Item>
    <org.openmrs.module.metadatasharing.Item id="330" uuid="125588BBBBBBBBBBBBBBBBBBBBBBBBBBBBBB">
      <id>125588</id>
      <classname>org.openmrs.ConceptName</classname>
      <dateChanged id="331">2014-05-16 00:03:06</dateChanged>
    </org.openmrs.module.metadatasharing.Item>
    <org.openmrs.module.metadatasharing.Item id="332" uuid="125585BBBBBBBBBBBBBBBBBBBBBBBBBBBBBB">
      <id>125585</id>
      <classname>org.openmrs.ConceptName</classname>
      <dateChanged id="333">2014-05-16 00:03:06</dateChanged>
    </org.openmrs.module.metadatasharing.Item>
    <org.openmrs.module.metadatasharing.Item id="334" uuid="125587BBBBBBBBBBBBBBBBBBBBBBBBBBBBBB">
      <id>125587</id>
      <classname>org.openmrs.ConceptName</classname>
      <dateChanged id="335">2014-05-16 00:03:06</dateChanged>
    </org.openmrs.module.metadatasharing.Item>
    <org.openmrs.module.metadatasharing.Item id="336" uuid="125586BBBBBBBBBBBBBBBBBBBBBBBBBBBBBB">
      <id>125586</id>
      <classname>org.openmrs.ConceptName</classname>
      <dateChanged id="337">2014-05-16 00:03:06</dateChanged>
    </org.openmrs.module.metadatasharing.Item>
    <org.openmrs.module.metadatasharing.Item id="338" uuid="277322ABBBBBBBBBBBBBBBBBBBBBBBBBBBBB">
      <id>277322</id>
      <classname>org.openmrs.ConceptMap</classname>
      <dateChanged id="339">2014-05-16 00:03:06</dateChanged>
    </org.openmrs.module.metadatasharing.Item>
    <org.openmrs.module.metadatasharing.Item id="340" uuid="79b3f712-0a64-32b9-854a-62d6855d5d03">
      <id>277322</id>
      <classname>org.openmrs.ConceptReferenceTerm</classname>
      <dateChanged id="341">2014-05-15 04:00:00</dateChanged>
      <retired>false</retired>
    </org.openmrs.module.metadatasharing.Item>
    <org.openmrs.module.metadatasharing.Item id="342" uuid="277323ABBBBBBBBBBBBBBBBBBBBBBBBBBBBB">
      <id>277323</id>
      <classname>org.openmrs.ConceptMap</classname>
      <dateChanged id="343">2014-05-16 00:03:13</dateChanged>
    </org.openmrs.module.metadatasharing.Item>
    <org.openmrs.module.metadatasharing.Item id="344" uuid="cd7c9acc-9176-3c9f-9bc9-60403eaa8a0b">
      <id>277323</id>
      <classname>org.openmrs.ConceptReferenceTerm</classname>
      <dateChanged id="345">2014-05-15 04:00:00</dateChanged>
      <retired>false</retired>
    </org.openmrs.module.metadatasharing.Item>
    <org.openmrs.module.metadatasharing.Item id="346" uuid="125617BBBBBBBBBBBBBBBBBBBBBBBBBBBBBB">
      <id>125617</id>
      <classname>org.openmrs.ConceptName</classname>
      <dateChanged id="347">2014-05-16 00:16:51</dateChanged>
    </org.openmrs.module.metadatasharing.Item>
    <org.openmrs.module.metadatasharing.Item id="348" uuid="125619BBBBBBBBBBBBBBBBBBBBBBBBBBBBBB">
      <id>125619</id>
      <classname>org.openmrs.ConceptName</classname>
      <dateChanged id="349">2014-05-16 00:16:51</dateChanged>
    </org.openmrs.module.metadatasharing.Item>
    <org.openmrs.module.metadatasharing.Item id="350" uuid="125618BBBBBBBBBBBBBBBBBBBBBBBBBBBBBB">
      <id>125618</id>
      <classname>org.openmrs.ConceptName</classname>
      <dateChanged id="351">2014-05-16 00:16:51</dateChanged>
    </org.openmrs.module.metadatasharing.Item>
    <org.openmrs.module.metadatasharing.Item id="352" uuid="277344ABBBBBBBBBBBBBBBBBBBBBBBBBBBBB">
      <id>277344</id>
      <classname>org.openmrs.ConceptMap</classname>
      <dateChanged id="353">2014-05-16 00:16:51</dateChanged>
    </org.openmrs.module.metadatasharing.Item>
    <org.openmrs.module.metadatasharing.Item id="354" uuid="aa02b4ca-77ad-31ad-9c45-b7126e253bd3">
      <id>277344</id>
      <classname>org.openmrs.ConceptReferenceTerm</classname>
      <dateChanged id="355">2014-05-15 04:00:00</dateChanged>
      <retired>false</retired>
    </org.openmrs.module.metadatasharing.Item>
    <org.openmrs.module.metadatasharing.Item id="356" uuid="277345ABBBBBBBBBBBBBBBBBBBBBBBBBBBBB">
      <id>277345</id>
      <classname>org.openmrs.ConceptMap</classname>
      <dateChanged id="357">2014-05-16 00:16:59</dateChanged>
    </org.openmrs.module.metadatasharing.Item>
    <org.openmrs.module.metadatasharing.Item id="358" uuid="a3779eb8-1f5b-386d-a796-6cbd8ae352e2">
      <id>277345</id>
      <classname>org.openmrs.ConceptReferenceTerm</classname>
      <dateChanged id="359">2014-05-15 04:00:00</dateChanged>
      <retired>false</retired>
    </org.openmrs.module.metadatasharing.Item>
    <org.openmrs.module.metadatasharing.Item id="360" uuid="125602BBBBBBBBBBBBBBBBBBBBBBBBBBBBBB">
      <id>125602</id>
      <classname>org.openmrs.ConceptName</classname>
      <dateChanged id="361">2014-05-16 00:12:21</dateChanged>
    </org.openmrs.module.metadatasharing.Item>
    <org.openmrs.module.metadatasharing.Item id="362" uuid="125601BBBBBBBBBBBBBBBBBBBBBBBBBBBBBB">
      <id>125601</id>
      <classname>org.openmrs.ConceptName</classname>
      <dateChanged id="363">2014-05-16 00:12:21</dateChanged>
    </org.openmrs.module.metadatasharing.Item>
    <org.openmrs.module.metadatasharing.Item id="364" uuid="125603BBBBBBBBBBBBBBBBBBBBBBBBBBBBBB">
      <id>125603</id>
      <classname>org.openmrs.ConceptName</classname>
      <dateChanged id="365">2014-05-16 00:12:21</dateChanged>
    </org.openmrs.module.metadatasharing.Item>
    <org.openmrs.module.metadatasharing.Item id="366" uuid="125604BBBBBBBBBBBBBBBBBBBBBBBBBBBBBB">
      <id>125604</id>
      <classname>org.openmrs.ConceptName</classname>
      <dateChanged id="367">2014-05-16 00:12:21</dateChanged>
    </org.openmrs.module.metadatasharing.Item>
    <org.openmrs.module.metadatasharing.Item id="368" uuid="277332ABBBBBBBBBBBBBBBBBBBBBBBBBBBBB">
      <id>277332</id>
      <classname>org.openmrs.ConceptMap</classname>
      <dateChanged id="369">2014-05-16 00:12:21</dateChanged>
    </org.openmrs.module.metadatasharing.Item>
    <org.openmrs.module.metadatasharing.Item id="370" uuid="f66cae49-1d3d-38e3-bb79-952a1fc04fcd">
      <id>277332</id>
      <classname>org.openmrs.ConceptReferenceTerm</classname>
      <dateChanged id="371">2014-05-15 04:00:00</dateChanged>
      <retired>false</retired>
    </org.openmrs.module.metadatasharing.Item>
    <org.openmrs.module.metadatasharing.Item id="372" uuid="277333ABBBBBBBBBBBBBBBBBBBBBBBBBBBBB">
      <id>277333</id>
      <classname>org.openmrs.ConceptMap</classname>
      <dateChanged id="373">2014-05-16 00:12:27</dateChanged>
    </org.openmrs.module.metadatasharing.Item>
    <org.openmrs.module.metadatasharing.Item id="374" uuid="ea58f6e2-5c96-34ae-9a5b-82e4fc5d5efb">
      <id>277333</id>
      <classname>org.openmrs.ConceptReferenceTerm</classname>
      <dateChanged id="375">2014-05-15 04:00:00</dateChanged>
      <retired>false</retired>
    </org.openmrs.module.metadatasharing.Item>
    <org.openmrs.module.metadatasharing.Item id="376" uuid="125579BBBBBBBBBBBBBBBBBBBBBBBBBBBBBB">
      <id>125579</id>
      <classname>org.openmrs.ConceptName</classname>
      <dateChanged id="377">2014-05-16 00:00:35</dateChanged>
    </org.openmrs.module.metadatasharing.Item>
    <org.openmrs.module.metadatasharing.Item id="378" uuid="125580BBBBBBBBBBBBBBBBBBBBBBBBBBBBBB">
      <id>125580</id>
      <classname>org.openmrs.ConceptName</classname>
      <dateChanged id="379">2014-05-16 00:00:35</dateChanged>
    </org.openmrs.module.metadatasharing.Item>
    <org.openmrs.module.metadatasharing.Item id="380" uuid="125581BBBBBBBBBBBBBBBBBBBBBBBBBBBBBB">
      <id>125581</id>
      <classname>org.openmrs.ConceptName</classname>
      <dateChanged id="381">2014-05-16 00:00:35</dateChanged>
    </org.openmrs.module.metadatasharing.Item>
    <org.openmrs.module.metadatasharing.Item id="382" uuid="277319ABBBBBBBBBBBBBBBBBBBBBBBBBBBBB">
      <id>277319</id>
      <classname>org.openmrs.ConceptMap</classname>
      <dateChanged id="383">2014-05-16 00:00:42</dateChanged>
    </org.openmrs.module.metadatasharing.Item>
    <org.openmrs.module.metadatasharing.Item id="384" uuid="2245844b-4595-3e20-840f-7c594e178208">
      <id>277319</id>
      <classname>org.openmrs.ConceptReferenceTerm</classname>
      <dateChanged id="385">2014-05-15 04:00:00</dateChanged>
      <retired>false</retired>
    </org.openmrs.module.metadatasharing.Item>
    <org.openmrs.module.metadatasharing.Item id="386" uuid="277318ABBBBBBBBBBBBBBBBBBBBBBBBBBBBB">
      <id>277318</id>
      <classname>org.openmrs.ConceptMap</classname>
      <dateChanged id="387">2014-05-16 00:00:35</dateChanged>
    </org.openmrs.module.metadatasharing.Item>
    <org.openmrs.module.metadatasharing.Item id="388" uuid="a85f7531-9907-31bd-93fd-785817f53520">
      <id>277318</id>
      <classname>org.openmrs.ConceptReferenceTerm</classname>
      <dateChanged id="389">2014-05-15 04:00:00</dateChanged>
      <retired>false</retired>
    </org.openmrs.module.metadatasharing.Item>
    <org.openmrs.module.metadatasharing.Item id="390" uuid="125566BBBBBBBBBBBBBBBBBBBBBBBBBBBBBB">
      <id>125566</id>
      <classname>org.openmrs.ConceptName</classname>
      <dateChanged id="391">2014-05-15 23:56:57</dateChanged>
    </org.openmrs.module.metadatasharing.Item>
    <org.openmrs.module.metadatasharing.Item id="392" uuid="125567BBBBBBBBBBBBBBBBBBBBBBBBBBBBBB">
      <id>125567</id>
      <classname>org.openmrs.ConceptName</classname>
      <dateChanged id="393">2014-05-15 23:56:57</dateChanged>
    </org.openmrs.module.metadatasharing.Item>
    <org.openmrs.module.metadatasharing.Item id="394" uuid="277311ABBBBBBBBBBBBBBBBBBBBBBBBBBBBB">
      <id>277311</id>
      <classname>org.openmrs.ConceptMap</classname>
      <dateChanged id="395">2014-05-15 23:57:05</dateChanged>
    </org.openmrs.module.metadatasharing.Item>
    <org.openmrs.module.metadatasharing.Item id="396" uuid="a5720431-cae8-303a-b4a2-aa42e1fd64c5">
      <id>277311</id>
      <classname>org.openmrs.ConceptReferenceTerm</classname>
      <dateChanged id="397">2014-05-15 04:00:00</dateChanged>
      <retired>false</retired>
    </org.openmrs.module.metadatasharing.Item>
    <org.openmrs.module.metadatasharing.Item id="398" uuid="277310ABBBBBBBBBBBBBBBBBBBBBBBBBBBBB">
      <id>277310</id>
      <classname>org.openmrs.ConceptMap</classname>
      <dateChanged id="399">2014-05-15 23:56:57</dateChanged>
    </org.openmrs.module.metadatasharing.Item>
    <org.openmrs.module.metadatasharing.Item id="400" uuid="dc0b531f-ff5c-3eed-a8d1-12f517bca02e">
      <id>277310</id>
      <classname>org.openmrs.ConceptReferenceTerm</classname>
      <dateChanged id="401">2014-05-15 04:00:00</dateChanged>
      <retired>false</retired>
    </org.openmrs.module.metadatasharing.Item>
    <org.openmrs.module.metadatasharing.Item id="402" uuid="125597BBBBBBBBBBBBBBBBBBBBBBBBBBBBBB">
      <id>125597</id>
      <classname>org.openmrs.ConceptName</classname>
      <dateChanged id="403">2014-05-16 00:10:53</dateChanged>
    </org.openmrs.module.metadatasharing.Item>
    <org.openmrs.module.metadatasharing.Item id="404" uuid="125598BBBBBBBBBBBBBBBBBBBBBBBBBBBBBB">
      <id>125598</id>
      <classname>org.openmrs.ConceptName</classname>
      <dateChanged id="405">2014-05-16 00:10:53</dateChanged>
    </org.openmrs.module.metadatasharing.Item>
    <org.openmrs.module.metadatasharing.Item id="406" uuid="125595BBBBBBBBBBBBBBBBBBBBBBBBBBBBBB">
      <id>125595</id>
      <classname>org.openmrs.ConceptName</classname>
      <dateChanged id="407">2014-05-16 00:10:53</dateChanged>
    </org.openmrs.module.metadatasharing.Item>
    <org.openmrs.module.metadatasharing.Item id="408" uuid="125596BBBBBBBBBBBBBBBBBBBBBBBBBBBBBB">
      <id>125596</id>
      <classname>org.openmrs.ConceptName</classname>
      <dateChanged id="409">2014-05-16 00:10:53</dateChanged>
    </org.openmrs.module.metadatasharing.Item>
    <org.openmrs.module.metadatasharing.Item id="410" uuid="277329ABBBBBBBBBBBBBBBBBBBBBBBBBBBBB">
      <id>277329</id>
      <classname>org.openmrs.ConceptMap</classname>
      <dateChanged id="411">2014-05-16 00:11:00</dateChanged>
    </org.openmrs.module.metadatasharing.Item>
    <org.openmrs.module.metadatasharing.Item id="412" uuid="120fe849-09ce-3674-acc2-2195781328b1">
      <id>277329</id>
      <classname>org.openmrs.ConceptReferenceTerm</classname>
      <dateChanged id="413">2014-05-15 04:00:00</dateChanged>
      <retired>false</retired>
    </org.openmrs.module.metadatasharing.Item>
    <org.openmrs.module.metadatasharing.Item id="414" uuid="277328ABBBBBBBBBBBBBBBBBBBBBBBBBBBBB">
      <id>277328</id>
      <classname>org.openmrs.ConceptMap</classname>
      <dateChanged id="415">2014-05-16 00:10:53</dateChanged>
    </org.openmrs.module.metadatasharing.Item>
    <org.openmrs.module.metadatasharing.Item id="416" uuid="36e15a07-f346-3502-8fef-ac632824f121">
      <id>277328</id>
      <classname>org.openmrs.ConceptReferenceTerm</classname>
      <dateChanged id="417">2014-05-15 04:00:00</dateChanged>
      <retired>false</retired>
    </org.openmrs.module.metadatasharing.Item>
    <org.openmrs.module.metadatasharing.Item id="418" uuid="125633BBBBBBBBBBBBBBBBBBBBBBBBBBBBBB">
      <id>125633</id>
      <classname>org.openmrs.ConceptName</classname>
      <dateChanged id="419">2014-05-16 00:23:22</dateChanged>
    </org.openmrs.module.metadatasharing.Item>
    <org.openmrs.module.metadatasharing.Item id="420" uuid="125632BBBBBBBBBBBBBBBBBBBBBBBBBBBBBB">
      <id>125632</id>
      <classname>org.openmrs.ConceptName</classname>
      <dateChanged id="421">2014-05-16 00:23:22</dateChanged>
    </org.openmrs.module.metadatasharing.Item>
    <org.openmrs.module.metadatasharing.Item id="422" uuid="125631BBBBBBBBBBBBBBBBBBBBBBBBBBBBBB">
      <id>125631</id>
      <classname>org.openmrs.ConceptName</classname>
      <dateChanged id="423">2014-05-16 00:23:22</dateChanged>
    </org.openmrs.module.metadatasharing.Item>
    <org.openmrs.module.metadatasharing.Item id="424" uuid="277355ABBBBBBBBBBBBBBBBBBBBBBBBBBBBB">
      <id>277355</id>
      <classname>org.openmrs.ConceptMap</classname>
      <dateChanged id="425">2014-05-16 00:23:30</dateChanged>
    </org.openmrs.module.metadatasharing.Item>
    <org.openmrs.module.metadatasharing.Item id="426" uuid="4906face-091d-3f44-bbb8-dcb95fc5c14a">
      <id>277355</id>
      <classname>org.openmrs.ConceptReferenceTerm</classname>
      <dateChanged id="427">2014-05-15 04:00:00</dateChanged>
      <retired>false</retired>
    </org.openmrs.module.metadatasharing.Item>
    <org.openmrs.module.metadatasharing.Item id="428" uuid="277354ABBBBBBBBBBBBBBBBBBBBBBBBBBBBB">
      <id>277354</id>
      <classname>org.openmrs.ConceptMap</classname>
      <dateChanged id="429">2014-05-16 00:23:22</dateChanged>
    </org.openmrs.module.metadatasharing.Item>
    <org.openmrs.module.metadatasharing.Item id="430" uuid="f8bd3b93-f864-39bd-92a4-81c45a611cb9">
      <id>277354</id>
      <classname>org.openmrs.ConceptReferenceTerm</classname>
      <dateChanged id="431">2014-05-15 04:00:00</dateChanged>
      <retired>false</retired>
    </org.openmrs.module.metadatasharing.Item>
    <org.openmrs.module.metadatasharing.Item id="432" uuid="125625BBBBBBBBBBBBBBBBBBBBBBBBBBBBBB">
      <id>125625</id>
      <classname>org.openmrs.ConceptName</classname>
      <dateChanged id="433">2014-05-16 00:20:21</dateChanged>
    </org.openmrs.module.metadatasharing.Item>
    <org.openmrs.module.metadatasharing.Item id="434" uuid="125624BBBBBBBBBBBBBBBBBBBBBBBBBBBBBB">
      <id>125624</id>
      <classname>org.openmrs.ConceptName</classname>
      <dateChanged id="435">2014-05-16 00:20:21</dateChanged>
    </org.openmrs.module.metadatasharing.Item>
    <org.openmrs.module.metadatasharing.Item id="436" uuid="277349ABBBBBBBBBBBBBBBBBBBBBBBBBBBBB">
      <id>277349</id>
      <classname>org.openmrs.ConceptMap</classname>
      <dateChanged id="437">2014-05-16 00:20:27</dateChanged>
    </org.openmrs.module.metadatasharing.Item>
    <org.openmrs.module.metadatasharing.Item id="438" uuid="75a2f2ec-781f-3245-baa7-947bd18e92f8">
      <id>277349</id>
      <classname>org.openmrs.ConceptReferenceTerm</classname>
      <dateChanged id="439">2014-05-15 04:00:00</dateChanged>
      <retired>false</retired>
    </org.openmrs.module.metadatasharing.Item>
    <org.openmrs.module.metadatasharing.Item id="440" uuid="277348ABBBBBBBBBBBBBBBBBBBBBBBBBBBBB">
      <id>277348</id>
      <classname>org.openmrs.ConceptMap</classname>
      <dateChanged id="441">2014-05-16 00:20:21</dateChanged>
    </org.openmrs.module.metadatasharing.Item>
    <org.openmrs.module.metadatasharing.Item id="442" uuid="4d9e7bb1-ad91-30d9-a20d-a7e913ab9465">
      <id>277348</id>
      <classname>org.openmrs.ConceptReferenceTerm</classname>
      <dateChanged id="443">2014-05-15 04:00:00</dateChanged>
      <retired>false</retired>
    </org.openmrs.module.metadatasharing.Item>
    <org.openmrs.module.metadatasharing.Item id="444" uuid="125630BBBBBBBBBBBBBBBBBBBBBBBBBBBBBB">
      <id>125630</id>
      <classname>org.openmrs.ConceptName</classname>
      <dateChanged id="445">2014-05-16 00:22:45</dateChanged>
    </org.openmrs.module.metadatasharing.Item>
    <org.openmrs.module.metadatasharing.Item id="446" uuid="125629BBBBBBBBBBBBBBBBBBBBBBBBBBBBBB">
      <id>125629</id>
      <classname>org.openmrs.ConceptName</classname>
      <dateChanged id="447">2014-05-16 00:22:45</dateChanged>
    </org.openmrs.module.metadatasharing.Item>
    <org.openmrs.module.metadatasharing.Item id="448" uuid="125628BBBBBBBBBBBBBBBBBBBBBBBBBBBBBB">
      <id>125628</id>
      <classname>org.openmrs.ConceptName</classname>
      <dateChanged id="449">2014-05-16 00:22:45</dateChanged>
    </org.openmrs.module.metadatasharing.Item>
    <org.openmrs.module.metadatasharing.Item id="450" uuid="277353ABBBBBBBBBBBBBBBBBBBBBBBBBBBBB">
      <id>277353</id>
      <classname>org.openmrs.ConceptMap</classname>
      <dateChanged id="451">2014-05-16 00:22:51</dateChanged>
    </org.openmrs.module.metadatasharing.Item>
    <org.openmrs.module.metadatasharing.Item id="452" uuid="2a27e587-151e-37ee-bbb1-23c58b669122">
      <id>277353</id>
      <classname>org.openmrs.ConceptReferenceTerm</classname>
      <dateChanged id="453">2014-05-15 04:00:00</dateChanged>
      <retired>false</retired>
    </org.openmrs.module.metadatasharing.Item>
    <org.openmrs.module.metadatasharing.Item id="454" uuid="277352ABBBBBBBBBBBBBBBBBBBBBBBBBBBBB">
      <id>277352</id>
      <classname>org.openmrs.ConceptMap</classname>
      <dateChanged id="455">2014-05-16 00:22:45</dateChanged>
    </org.openmrs.module.metadatasharing.Item>
    <org.openmrs.module.metadatasharing.Item id="456" uuid="d1af1129-5a50-3126-b2b9-1195dd33547f">
      <id>277352</id>
      <classname>org.openmrs.ConceptReferenceTerm</classname>
      <dateChanged id="457">2014-05-15 04:00:00</dateChanged>
      <retired>false</retired>
    </org.openmrs.module.metadatasharing.Item>
    <org.openmrs.module.metadatasharing.Item id="458" uuid="125554BBBBBBBBBBBBBBBBBBBBBBBBBBBBBB">
      <id>125554</id>
      <classname>org.openmrs.ConceptName</classname>
      <dateChanged id="459">2014-05-15 23:51:51</dateChanged>
    </org.openmrs.module.metadatasharing.Item>
    <org.openmrs.module.metadatasharing.Item id="460" uuid="125555BBBBBBBBBBBBBBBBBBBBBBBBBBBBBB">
      <id>125555</id>
      <classname>org.openmrs.ConceptName</classname>
      <dateChanged id="461">2014-05-15 23:51:51</dateChanged>
    </org.openmrs.module.metadatasharing.Item>
    <org.openmrs.module.metadatasharing.Item id="462" uuid="277299ABBBBBBBBBBBBBBBBBBBBBBBBBBBBB">
      <id>277299</id>
      <classname>org.openmrs.ConceptMap</classname>
      <dateChanged id="463">2014-05-15 23:51:59</dateChanged>
    </org.openmrs.module.metadatasharing.Item>
    <org.openmrs.module.metadatasharing.Item id="464" uuid="c7b892cf-c8b2-35a6-896c-60a5d16479e0">
      <id>277299</id>
      <classname>org.openmrs.ConceptReferenceTerm</classname>
      <dateChanged id="465">2014-05-15 04:00:00</dateChanged>
      <retired>false</retired>
    </org.openmrs.module.metadatasharing.Item>
    <org.openmrs.module.metadatasharing.Item id="466" uuid="277298ABBBBBBBBBBBBBBBBBBBBBBBBBBBBB">
      <id>277298</id>
      <classname>org.openmrs.ConceptMap</classname>
      <dateChanged id="467">2014-05-15 23:51:51</dateChanged>
    </org.openmrs.module.metadatasharing.Item>
    <org.openmrs.module.metadatasharing.Item id="468" uuid="93ba37ca-3668-3137-aebb-f4e34d15918d">
      <id>277298</id>
      <classname>org.openmrs.ConceptReferenceTerm</classname>
      <dateChanged id="469">2014-05-15 04:00:00</dateChanged>
      <retired>false</retired>
    </org.openmrs.module.metadatasharing.Item>
    <org.openmrs.module.metadatasharing.Item id="470" uuid="125575BBBBBBBBBBBBBBBBBBBBBBBBBBBBBB">
      <id>125575</id>
      <classname>org.openmrs.ConceptName</classname>
      <dateChanged id="471">2014-05-15 23:59:21</dateChanged>
    </org.openmrs.module.metadatasharing.Item>
    <org.openmrs.module.metadatasharing.Item id="472" uuid="125576BBBBBBBBBBBBBBBBBBBBBBBBBBBBBB">
      <id>125576</id>
      <classname>org.openmrs.ConceptName</classname>
      <dateChanged id="473">2014-05-15 23:59:21</dateChanged>
    </org.openmrs.module.metadatasharing.Item>
    <org.openmrs.module.metadatasharing.Item id="474" uuid="111178BBBBBBBBBBBBBBBBBBBBBBBBBBBBBB">
      <id>111178</id>
      <classname>org.openmrs.ConceptName</classname>
      <dateChanged id="475">2013-01-25 00:34:46</dateChanged>
    </org.openmrs.module.metadatasharing.Item>
    <org.openmrs.module.metadatasharing.Item id="476" uuid="17092FFFFFFFFFFFFFFFFFFFFFFFFFFFFFFF">
      <id>17092</id>
      <classname>org.openmrs.ConceptDescription</classname>
      <dateChanged id="477">2014-05-15 23:59:21</dateChanged>
    </org.openmrs.module.metadatasharing.Item>
    <org.openmrs.module.metadatasharing.Item id="478" uuid="218665ABBBBBBBBBBBBBBBBBBBBBBBBBBBBB">
      <id>218665</id>
      <classname>org.openmrs.ConceptMap</classname>
      <dateChanged id="479">2013-07-03 22:53:08</dateChanged>
    </org.openmrs.module.metadatasharing.Item>
    <org.openmrs.module.metadatasharing.Item id="480" uuid="5abd890c-ecfb-3ea5-9dd8-a1c43afdb26d">
      <id>218665</id>
      <classname>org.openmrs.ConceptReferenceTerm</classname>
      <dateChanged id="481">2013-07-03 04:00:00</dateChanged>
      <retired>false</retired>
    </org.openmrs.module.metadatasharing.Item>
    <org.openmrs.module.metadatasharing.Item id="482" uuid="146821ABBBBBBBBBBBBBBBBBBBBBBBBBBBBB">
      <id>146821</id>
      <classname>org.openmrs.ConceptMap</classname>
      <dateChanged id="483">2013-01-25 00:34:46</dateChanged>
    </org.openmrs.module.metadatasharing.Item>
    <org.openmrs.module.metadatasharing.Item id="484" uuid="845b2e38-8618-39d2-a34f-d402c92aeea3">
      <id>146821</id>
      <classname>org.openmrs.ConceptReferenceTerm</classname>
      <dateChanged id="485">2013-01-24 05:00:00</dateChanged>
      <retired>false</retired>
    </org.openmrs.module.metadatasharing.Item>
    <org.openmrs.module.metadatasharing.Item id="486" uuid="125572BBBBBBBBBBBBBBBBBBBBBBBBBBBBBB">
      <id>125572</id>
      <classname>org.openmrs.ConceptName</classname>
      <dateChanged id="487">2014-05-15 23:58:47</dateChanged>
    </org.openmrs.module.metadatasharing.Item>
    <org.openmrs.module.metadatasharing.Item id="488" uuid="125574BBBBBBBBBBBBBBBBBBBBBBBBBBBBBB">
      <id>125574</id>
      <classname>org.openmrs.ConceptName</classname>
      <dateChanged id="489">2014-05-15 23:58:47</dateChanged>
    </org.openmrs.module.metadatasharing.Item>
    <org.openmrs.module.metadatasharing.Item id="490" uuid="125573BBBBBBBBBBBBBBBBBBBBBBBBBBBBBB">
      <id>125573</id>
      <classname>org.openmrs.ConceptName</classname>
      <dateChanged id="491">2014-05-15 23:58:47</dateChanged>
    </org.openmrs.module.metadatasharing.Item>
    <org.openmrs.module.metadatasharing.Item id="492" uuid="277314ABBBBBBBBBBBBBBBBBBBBBBBBBBBBB">
      <id>277314</id>
      <classname>org.openmrs.ConceptMap</classname>
      <dateChanged id="493">2014-05-15 23:58:47</dateChanged>
    </org.openmrs.module.metadatasharing.Item>
    <org.openmrs.module.metadatasharing.Item id="494" uuid="9022aa39-3e73-3d5f-ab0c-d8f4af674fc2">
      <id>277314</id>
      <classname>org.openmrs.ConceptReferenceTerm</classname>
      <dateChanged id="495">2014-05-15 04:00:00</dateChanged>
      <retired>false</retired>
    </org.openmrs.module.metadatasharing.Item>
    <org.openmrs.module.metadatasharing.Item id="496" uuid="277315ABBBBBBBBBBBBBBBBBBBBBBBBBBBBB">
      <id>277315</id>
      <classname>org.openmrs.ConceptMap</classname>
      <dateChanged id="497">2014-05-15 23:58:54</dateChanged>
    </org.openmrs.module.metadatasharing.Item>
    <org.openmrs.module.metadatasharing.Item id="498" uuid="7f9cbdf6-a1f5-3a97-bc0f-745592b3cfc8">
      <id>277315</id>
      <classname>org.openmrs.ConceptReferenceTerm</classname>
      <dateChanged id="499">2014-05-15 04:00:00</dateChanged>
      <retired>false</retired>
    </org.openmrs.module.metadatasharing.Item>
    <org.openmrs.module.metadatasharing.Item id="500" uuid="125318BBBBBBBBBBBBBBBBBBBBBBBBBBBBBB">
      <id>125318</id>
      <classname>org.openmrs.ConceptName</classname>
      <dateChanged id="501">2014-01-29 07:59:31</dateChanged>
    </org.openmrs.module.metadatasharing.Item>
    <org.openmrs.module.metadatasharing.Item id="502" uuid="125315BBBBBBBBBBBBBBBBBBBBBBBBBBBBBB">
      <id>125315</id>
      <classname>org.openmrs.ConceptName</classname>
      <dateChanged id="503">2014-01-29 07:57:53</dateChanged>
    </org.openmrs.module.metadatasharing.Item>
    <org.openmrs.module.metadatasharing.Item id="504" uuid="17185FFFFFFFFFFFFFFFFFFFFFFFFFFFFFFF">
      <id>17185</id>
      <classname>org.openmrs.ConceptDescription</classname>
      <dateChanged id="505">2014-04-15 23:00:17</dateChanged>
    </org.openmrs.module.metadatasharing.Item>
    <org.openmrs.module.metadatasharing.Item id="506" uuid="275010ABBBBBBBBBBBBBBBBBBBBBBBBBBBBB">
      <id>275010</id>
      <classname>org.openmrs.ConceptMap</classname>
      <dateChanged id="507">2014-01-29 07:58:02</dateChanged>
    </org.openmrs.module.metadatasharing.Item>
    <org.openmrs.module.metadatasharing.Item id="508" uuid="e4e1b07b-2e97-3417-8b1b-bb783a254ad7">
      <id>275010</id>
      <classname>org.openmrs.ConceptReferenceTerm</classname>
      <dateChanged id="509">2014-01-29 05:00:00</dateChanged>
      <retired>false</retired>
    </org.openmrs.module.metadatasharing.Item>
    <org.openmrs.module.metadatasharing.Item id="510" uuid="275009ABBBBBBBBBBBBBBBBBBBBBBBBBBBBB">
      <id>275009</id>
      <classname>org.openmrs.ConceptMap</classname>
      <dateChanged id="511">2014-01-29 07:57:53</dateChanged>
    </org.openmrs.module.metadatasharing.Item>
    <org.openmrs.module.metadatasharing.Item id="512" uuid="bedd8535-2b08-3267-9b2a-fd3d0d184cdd">
      <id>275009</id>
      <classname>org.openmrs.ConceptReferenceTerm</classname>
      <dateChanged id="513">2014-01-29 05:00:00</dateChanged>
      <retired>false</retired>
    </org.openmrs.module.metadatasharing.Item>
    <org.openmrs.module.metadatasharing.Item id="514" uuid="125583BBBBBBBBBBBBBBBBBBBBBBBBBBBBBB">
      <id>125583</id>
      <classname>org.openmrs.ConceptName</classname>
      <dateChanged id="515">2014-05-16 00:01:21</dateChanged>
    </org.openmrs.module.metadatasharing.Item>
    <org.openmrs.module.metadatasharing.Item id="516" uuid="125584BBBBBBBBBBBBBBBBBBBBBBBBBBBBBB">
      <id>125584</id>
      <classname>org.openmrs.ConceptName</classname>
      <dateChanged id="517">2014-05-16 00:01:21</dateChanged>
    </org.openmrs.module.metadatasharing.Item>
    <org.openmrs.module.metadatasharing.Item id="518" uuid="125582BBBBBBBBBBBBBBBBBBBBBBBBBBBBBB">
      <id>125582</id>
      <classname>org.openmrs.ConceptName</classname>
      <dateChanged id="519">2014-05-16 00:01:21</dateChanged>
    </org.openmrs.module.metadatasharing.Item>
    <org.openmrs.module.metadatasharing.Item id="520" uuid="277320ABBBBBBBBBBBBBBBBBBBBBBBBBBBBB">
      <id>277320</id>
      <classname>org.openmrs.ConceptMap</classname>
      <dateChanged id="521">2014-05-16 00:01:21</dateChanged>
    </org.openmrs.module.metadatasharing.Item>
    <org.openmrs.module.metadatasharing.Item id="522" uuid="50056bc4-6ecc-3053-8b5e-98f5eef5f48d">
      <id>277320</id>
      <classname>org.openmrs.ConceptReferenceTerm</classname>
      <dateChanged id="523">2014-05-15 04:00:00</dateChanged>
      <retired>false</retired>
    </org.openmrs.module.metadatasharing.Item>
    <org.openmrs.module.metadatasharing.Item id="524" uuid="277321ABBBBBBBBBBBBBBBBBBBBBBBBBBBBB">
      <id>277321</id>
      <classname>org.openmrs.ConceptMap</classname>
      <dateChanged id="525">2014-05-16 00:01:28</dateChanged>
    </org.openmrs.module.metadatasharing.Item>
    <org.openmrs.module.metadatasharing.Item id="526" uuid="b2c28117-0e58-3ec7-8010-9cd459eb9f11">
      <id>277321</id>
      <classname>org.openmrs.ConceptReferenceTerm</classname>
      <dateChanged id="527">2014-05-15 04:00:00</dateChanged>
      <retired>false</retired>
    </org.openmrs.module.metadatasharing.Item>
    <org.openmrs.module.metadatasharing.Item id="528" uuid="125558BBBBBBBBBBBBBBBBBBBBBBBBBBBBBB">
      <id>125558</id>
      <classname>org.openmrs.ConceptName</classname>
      <dateChanged id="529">2014-05-15 23:54:14</dateChanged>
    </org.openmrs.module.metadatasharing.Item>
    <org.openmrs.module.metadatasharing.Item id="530" uuid="125559BBBBBBBBBBBBBBBBBBBBBBBBBBBBBB">
      <id>125559</id>
      <classname>org.openmrs.ConceptName</classname>
      <dateChanged id="531">2014-05-15 23:54:14</dateChanged>
    </org.openmrs.module.metadatasharing.Item>
    <org.openmrs.module.metadatasharing.Item id="532" uuid="277302ABBBBBBBBBBBBBBBBBBBBBBBBBBBBB">
      <id>277302</id>
      <classname>org.openmrs.ConceptMap</classname>
      <dateChanged id="533">2014-05-15 23:54:14</dateChanged>
    </org.openmrs.module.metadatasharing.Item>
    <org.openmrs.module.metadatasharing.Item id="534" uuid="a21dde3e-4e1d-30b7-9d2a-6a3361541a56">
      <id>277302</id>
      <classname>org.openmrs.ConceptReferenceTerm</classname>
      <dateChanged id="535">2014-05-15 04:00:00</dateChanged>
      <retired>false</retired>
    </org.openmrs.module.metadatasharing.Item>
    <org.openmrs.module.metadatasharing.Item id="536" uuid="277303ABBBBBBBBBBBBBBBBBBBBBBBBBBBBB">
      <id>277303</id>
      <classname>org.openmrs.ConceptMap</classname>
      <dateChanged id="537">2014-05-15 23:54:30</dateChanged>
    </org.openmrs.module.metadatasharing.Item>
    <org.openmrs.module.metadatasharing.Item id="538" uuid="878dc2da-f932-3baa-8e72-a509188c75d0">
      <id>277303</id>
      <classname>org.openmrs.ConceptReferenceTerm</classname>
      <dateChanged id="539">2014-05-15 04:00:00</dateChanged>
      <retired>false</retired>
    </org.openmrs.module.metadatasharing.Item>
    <org.openmrs.module.metadatasharing.Item id="540" uuid="125608BBBBBBBBBBBBBBBBBBBBBBBBBBBBBB">
      <id>125608</id>
      <classname>org.openmrs.ConceptName</classname>
      <dateChanged id="541">2014-05-16 00:13:59</dateChanged>
    </org.openmrs.module.metadatasharing.Item>
    <org.openmrs.module.metadatasharing.Item id="542" uuid="125607BBBBBBBBBBBBBBBBBBBBBBBBBBBBBB">
      <id>125607</id>
      <classname>org.openmrs.ConceptName</classname>
      <dateChanged id="543">2014-05-16 00:13:59</dateChanged>
    </org.openmrs.module.metadatasharing.Item>
    <org.openmrs.module.metadatasharing.Item id="544" uuid="277336ABBBBBBBBBBBBBBBBBBBBBBBBBBBBB">
      <id>277336</id>
      <classname>org.openmrs.ConceptMap</classname>
      <dateChanged id="545">2014-05-16 00:13:59</dateChanged>
    </org.openmrs.module.metadatasharing.Item>
    <org.openmrs.module.metadatasharing.Item id="546" uuid="1f62c408-b460-300f-a821-3a24c9d47c79">
      <id>277336</id>
      <classname>org.openmrs.ConceptReferenceTerm</classname>
      <dateChanged id="547">2014-05-15 04:00:00</dateChanged>
      <retired>false</retired>
    </org.openmrs.module.metadatasharing.Item>
    <org.openmrs.module.metadatasharing.Item id="548" uuid="277337ABBBBBBBBBBBBBBBBBBBBBBBBBBBBB">
      <id>277337</id>
      <classname>org.openmrs.ConceptMap</classname>
      <dateChanged id="549">2014-05-16 00:14:06</dateChanged>
    </org.openmrs.module.metadatasharing.Item>
    <org.openmrs.module.metadatasharing.Item id="550" uuid="6272cb38-c96c-33ca-bc01-75493df88009">
      <id>277337</id>
      <classname>org.openmrs.ConceptReferenceTerm</classname>
      <dateChanged id="551">2014-05-15 04:00:00</dateChanged>
      <retired>false</retired>
    </org.openmrs.module.metadatasharing.Item>
    <org.openmrs.module.metadatasharing.Item id="552" uuid="125565BBBBBBBBBBBBBBBBBBBBBBBBBBBBBB">
      <id>125565</id>
      <classname>org.openmrs.ConceptName</classname>
      <dateChanged id="553">2014-05-15 23:56:15</dateChanged>
    </org.openmrs.module.metadatasharing.Item>
    <org.openmrs.module.metadatasharing.Item id="554" uuid="125564BBBBBBBBBBBBBBBBBBBBBBBBBBBBBB">
      <id>125564</id>
      <classname>org.openmrs.ConceptName</classname>
      <dateChanged id="555">2014-05-15 23:56:15</dateChanged>
    </org.openmrs.module.metadatasharing.Item>
    <org.openmrs.module.metadatasharing.Item id="556" uuid="17220FFFFFFFFFFFFFFFFFFFFFFFFFFFFFFF">
      <id>17220</id>
      <classname>org.openmrs.ConceptDescription</classname>
      <dateChanged id="557">2014-05-15 23:56:28</dateChanged>
    </org.openmrs.module.metadatasharing.Item>
    <org.openmrs.module.metadatasharing.Item id="558" uuid="277308ABBBBBBBBBBBBBBBBBBBBBBBBBBBBB">
      <id>277308</id>
      <classname>org.openmrs.ConceptMap</classname>
      <dateChanged id="559">2014-05-15 23:56:15</dateChanged>
    </org.openmrs.module.metadatasharing.Item>
    <org.openmrs.module.metadatasharing.Item id="560" uuid="0ff79c4b-2bd4-3568-a7fa-ef94315bc65d">
      <id>277308</id>
      <classname>org.openmrs.ConceptReferenceTerm</classname>
      <dateChanged id="561">2014-05-15 04:00:00</dateChanged>
      <retired>false</retired>
    </org.openmrs.module.metadatasharing.Item>
    <org.openmrs.module.metadatasharing.Item id="562" uuid="277309ABBBBBBBBBBBBBBBBBBBBBBBBBBBBB">
      <id>277309</id>
      <classname>org.openmrs.ConceptMap</classname>
      <dateChanged id="563">2014-05-15 23:56:28</dateChanged>
    </org.openmrs.module.metadatasharing.Item>
    <org.openmrs.module.metadatasharing.Item id="564" uuid="2f9f3bce-b7be-3abd-b550-4438b5e7ef34">
      <id>277309</id>
      <classname>org.openmrs.ConceptReferenceTerm</classname>
      <dateChanged id="565">2014-05-15 04:00:00</dateChanged>
      <retired>false</retired>
    </org.openmrs.module.metadatasharing.Item>
    <org.openmrs.module.metadatasharing.Item id="566" uuid="125594BBBBBBBBBBBBBBBBBBBBBBBBBBBBBB">
      <id>125594</id>
      <classname>org.openmrs.ConceptName</classname>
      <dateChanged id="567">2014-05-16 00:10:10</dateChanged>
    </org.openmrs.module.metadatasharing.Item>
    <org.openmrs.module.metadatasharing.Item id="568" uuid="125593BBBBBBBBBBBBBBBBBBBBBBBBBBBBBB">
      <id>125593</id>
      <classname>org.openmrs.ConceptName</classname>
      <dateChanged id="569">2014-05-16 00:10:10</dateChanged>
    </org.openmrs.module.metadatasharing.Item>
    <org.openmrs.module.metadatasharing.Item id="570" uuid="277326ABBBBBBBBBBBBBBBBBBBBBBBBBBBBB">
      <id>277326</id>
      <classname>org.openmrs.ConceptMap</classname>
      <dateChanged id="571">2014-05-16 00:10:10</dateChanged>
    </org.openmrs.module.metadatasharing.Item>
    <org.openmrs.module.metadatasharing.Item id="572" uuid="afd2d449-113e-39db-959f-c232dbe69768">
      <id>277326</id>
      <classname>org.openmrs.ConceptReferenceTerm</classname>
      <dateChanged id="573">2014-05-15 04:00:00</dateChanged>
      <retired>false</retired>
    </org.openmrs.module.metadatasharing.Item>
    <org.openmrs.module.metadatasharing.Item id="574" uuid="277327ABBBBBBBBBBBBBBBBBBBBBBBBBBBBB">
      <id>277327</id>
      <classname>org.openmrs.ConceptMap</classname>
      <dateChanged id="575">2014-05-16 00:10:16</dateChanged>
    </org.openmrs.module.metadatasharing.Item>
    <org.openmrs.module.metadatasharing.Item id="576" uuid="88416b90-388e-3549-bcfb-4d12a9ff2437">
      <id>277327</id>
      <classname>org.openmrs.ConceptReferenceTerm</classname>
      <dateChanged id="577">2014-05-15 04:00:00</dateChanged>
      <retired>false</retired>
    </org.openmrs.module.metadatasharing.Item>
    <org.openmrs.module.metadatasharing.Item id="578" uuid="125606BBBBBBBBBBBBBBBBBBBBBBBBBBBBBB">
      <id>125606</id>
      <classname>org.openmrs.ConceptName</classname>
      <dateChanged id="579">2014-05-16 00:12:51</dateChanged>
    </org.openmrs.module.metadatasharing.Item>
    <org.openmrs.module.metadatasharing.Item id="580" uuid="125605BBBBBBBBBBBBBBBBBBBBBBBBBBBBBB">
      <id>125605</id>
      <classname>org.openmrs.ConceptName</classname>
      <dateChanged id="581">2014-05-16 00:12:51</dateChanged>
    </org.openmrs.module.metadatasharing.Item>
    <org.openmrs.module.metadatasharing.Item id="582" uuid="277335ABBBBBBBBBBBBBBBBBBBBBBBBBBBBB">
      <id>277335</id>
      <classname>org.openmrs.ConceptMap</classname>
      <dateChanged id="583">2014-05-16 00:12:57</dateChanged>
    </org.openmrs.module.metadatasharing.Item>
    <org.openmrs.module.metadatasharing.Item id="584" uuid="69e0d9ea-dac4-3624-adda-aa5ffacf259e">
      <id>277335</id>
      <classname>org.openmrs.ConceptReferenceTerm</classname>
      <dateChanged id="585">2014-05-15 04:00:00</dateChanged>
      <retired>false</retired>
    </org.openmrs.module.metadatasharing.Item>
    <org.openmrs.module.metadatasharing.Item id="586" uuid="277334ABBBBBBBBBBBBBBBBBBBBBBBBBBBBB">
      <id>277334</id>
      <classname>org.openmrs.ConceptMap</classname>
      <dateChanged id="587">2014-05-16 00:12:51</dateChanged>
    </org.openmrs.module.metadatasharing.Item>
    <org.openmrs.module.metadatasharing.Item id="588" uuid="78ddbd18-0f4b-3218-b103-fd9ddcf04370">
      <id>277334</id>
      <classname>org.openmrs.ConceptReferenceTerm</classname>
      <dateChanged id="589">2014-05-15 04:00:00</dateChanged>
      <retired>false</retired>
    </org.openmrs.module.metadatasharing.Item>
    <org.openmrs.module.metadatasharing.Item id="590" uuid="125599BBBBBBBBBBBBBBBBBBBBBBBBBBBBBB">
      <id>125599</id>
      <classname>org.openmrs.ConceptName</classname>
      <dateChanged id="591">2014-05-16 00:11:31</dateChanged>
    </org.openmrs.module.metadatasharing.Item>
    <org.openmrs.module.metadatasharing.Item id="592" uuid="125600BBBBBBBBBBBBBBBBBBBBBBBBBBBBBB">
      <id>125600</id>
      <classname>org.openmrs.ConceptName</classname>
      <dateChanged id="593">2014-05-16 00:11:31</dateChanged>
    </org.openmrs.module.metadatasharing.Item>
    <org.openmrs.module.metadatasharing.Item id="594" uuid="277331ABBBBBBBBBBBBBBBBBBBBBBBBBBBBB">
      <id>277331</id>
      <classname>org.openmrs.ConceptMap</classname>
      <dateChanged id="595">2014-05-16 00:11:38</dateChanged>
    </org.openmrs.module.metadatasharing.Item>
    <org.openmrs.module.metadatasharing.Item id="596" uuid="86134d07-df0c-3b35-9dd7-bd894bfd863f">
      <id>277331</id>
      <classname>org.openmrs.ConceptReferenceTerm</classname>
      <dateChanged id="597">2014-05-15 04:00:00</dateChanged>
      <retired>false</retired>
    </org.openmrs.module.metadatasharing.Item>
    <org.openmrs.module.metadatasharing.Item id="598" uuid="277330ABBBBBBBBBBBBBBBBBBBBBBBBBBBBB">
      <id>277330</id>
      <classname>org.openmrs.ConceptMap</classname>
      <dateChanged id="599">2014-05-16 00:11:31</dateChanged>
    </org.openmrs.module.metadatasharing.Item>
    <org.openmrs.module.metadatasharing.Item id="600" uuid="6681e8bf-e7ce-35b4-a3b8-71c28327e73d">
      <id>277330</id>
      <classname>org.openmrs.ConceptReferenceTerm</classname>
      <dateChanged id="601">2014-05-15 04:00:00</dateChanged>
      <retired>false</retired>
    </org.openmrs.module.metadatasharing.Item>
    <org.openmrs.module.metadatasharing.Item id="602" uuid="125626BBBBBBBBBBBBBBBBBBBBBBBBBBBBBB">
      <id>125626</id>
      <classname>org.openmrs.ConceptName</classname>
      <dateChanged id="603">2014-05-16 00:21:19</dateChanged>
    </org.openmrs.module.metadatasharing.Item>
    <org.openmrs.module.metadatasharing.Item id="604" uuid="125627BBBBBBBBBBBBBBBBBBBBBBBBBBBBBB">
      <id>125627</id>
      <classname>org.openmrs.ConceptName</classname>
      <dateChanged id="605">2014-05-16 00:21:19</dateChanged>
    </org.openmrs.module.metadatasharing.Item>
    <org.openmrs.module.metadatasharing.Item id="606" uuid="277351ABBBBBBBBBBBBBBBBBBBBBBBBBBBBB">
      <id>277351</id>
      <classname>org.openmrs.ConceptMap</classname>
      <dateChanged id="607">2014-05-16 00:21:25</dateChanged>
    </org.openmrs.module.metadatasharing.Item>
    <org.openmrs.module.metadatasharing.Item id="608" uuid="40261d2e-39ae-340a-a218-681b41cab9e2">
      <id>277351</id>
      <classname>org.openmrs.ConceptReferenceTerm</classname>
      <dateChanged id="609">2014-05-15 04:00:00</dateChanged>
      <retired>false</retired>
    </org.openmrs.module.metadatasharing.Item>
    <org.openmrs.module.metadatasharing.Item id="610" uuid="277350ABBBBBBBBBBBBBBBBBBBBBBBBBBBBB">
      <id>277350</id>
      <classname>org.openmrs.ConceptMap</classname>
      <dateChanged id="611">2014-05-16 00:21:19</dateChanged>
    </org.openmrs.module.metadatasharing.Item>
    <org.openmrs.module.metadatasharing.Item id="612" uuid="4213dd8a-8016-3c5a-b5a2-678ecb913824">
      <id>132418</id>
      <classname>org.openmrs.ConceptReferenceTerm</classname>
      <dateChanged id="613">2010-07-23 04:00:00</dateChanged>
      <retired>false</retired>
    </org.openmrs.module.metadatasharing.Item>
    <org.openmrs.module.metadatasharing.Item id="614" uuid="125561BBBBBBBBBBBBBBBBBBBBBBBBBBBBBB">
      <id>125561</id>
      <classname>org.openmrs.ConceptName</classname>
      <dateChanged id="615">2014-05-15 23:54:59</dateChanged>
    </org.openmrs.module.metadatasharing.Item>
    <org.openmrs.module.metadatasharing.Item id="616" uuid="125560BBBBBBBBBBBBBBBBBBBBBBBBBBBBBB">
      <id>125560</id>
      <classname>org.openmrs.ConceptName</classname>
      <dateChanged id="617">2014-05-15 23:54:59</dateChanged>
    </org.openmrs.module.metadatasharing.Item>
    <org.openmrs.module.metadatasharing.Item id="618" uuid="277305ABBBBBBBBBBBBBBBBBBBBBBBBBBBBB">
      <id>277305</id>
      <classname>org.openmrs.ConceptMap</classname>
      <dateChanged id="619">2014-05-15 23:55:05</dateChanged>
    </org.openmrs.module.metadatasharing.Item>
    <org.openmrs.module.metadatasharing.Item id="620" uuid="87750756-0ca2-3f2d-ab02-81f59f0b7a8a">
      <id>277305</id>
      <classname>org.openmrs.ConceptReferenceTerm</classname>
      <dateChanged id="621">2014-05-15 04:00:00</dateChanged>
      <retired>false</retired>
    </org.openmrs.module.metadatasharing.Item>
    <org.openmrs.module.metadatasharing.Item id="622" uuid="277304ABBBBBBBBBBBBBBBBBBBBBBBBBBBBB">
      <id>277304</id>
      <classname>org.openmrs.ConceptMap</classname>
      <dateChanged id="623">2014-05-15 23:54:59</dateChanged>
    </org.openmrs.module.metadatasharing.Item>
    <org.openmrs.module.metadatasharing.Item id="624" uuid="c637e91d-a044-3e18-8c30-045bd0a23a5b">
      <id>277304</id>
      <classname>org.openmrs.ConceptReferenceTerm</classname>
      <dateChanged id="625">2014-05-15 04:00:00</dateChanged>
      <retired>false</retired>
    </org.openmrs.module.metadatasharing.Item>
  </relatedItems>
</package>
