<?xml version="1.0" encoding="UTF-8"?>
<list id="1">
  <org.openmrs.VisitType id="2" uuid="7b0f5697-27e3-40c4-8bae-f4049abfb4ed">
    <name>Facility Visit</name>
    <description>Patient visits the clinic/hospital (as opposed to a home visit, or telephone contact)</description>
    <creator/>
    <dateCreated id="3">2013-08-02 00:39:43</dateCreated>
    <retired>false</retired>
    <visitTypeId>1</visitTypeId>
  </org.openmrs.VisitType>
  <org.openmrs.EncounterType id="4" uuid="181820aa-88c9-479b-9077-af92f5364329">
    <name>Discharge</name>
    <description>Indicates that a patient&apos;s inpatient care at the hospital is ending, and they are expected to leave soon.</description>
    <creator/>
    <dateCreated id="5">2013-08-01 18:27:50</dateCreated>
    <retired>false</retired>
    <encounterTypeId>2</encounterTypeId>
  </org.openmrs.EncounterType>
  <org.openmrs.EncounterType id="6" uuid="e22e39fd-7db2-45e7-80f1-60fa0d5a4378">
    <name>Admission</name>
    <description>Indicates that the patient has been admitted for inpatient care, and is not expected to leave the hospital unless discharged.</description>
    <creator/>
    <dateCreated id="7">2013-08-01 18:27:27</dateCreated>
    <retired>false</retired>
    <encounterTypeId>1</encounterTypeId>
  </org.openmrs.EncounterType>
  <org.openmrs.EncounterType id="8" uuid="d7151f82-c1f3-4152-a605-2f9ea7414a79">
    <name>Visit Note</name>
    <description>Encounter where a full or abbreviated examination is done, usually leading to a presumptive or confirmed diagnosis, recorded by the examining clinician.</description>
    <creator/>
    <dateCreated id="9">2013-08-02 05:16:06</dateCreated>
    <retired>false</retired>
    <encounterTypeId>6</encounterTypeId>
  </org.openmrs.EncounterType>
  <org.openmrs.EncounterType id="10" uuid="25a042b2-60bc-4940-a909-debd098b7d82">
    <name>Check Out</name>
    <description>The patient is explicitly leaving the hospital/clinic. (Usually no formal encounter is captured for this.)</description>
    <creator/>
    <dateCreated id="11">2013-08-02 05:14:43</dateCreated>
    <retired>false</retired>
    <encounterTypeId>5</encounterTypeId>
  </org.openmrs.EncounterType>
  <org.openmrs.EncounterType id="12" uuid="ca3aed11-1aa4-42a1-b85c-8332fc8001fc">
    <name>Check In</name>
    <description>Indicates the patient has done the required paperwork and check-in to begin a visit to the clinic/hospital.</description>
    <creator/>
    <dateCreated id="13">2013-08-02 05:13:23</dateCreated>
    <retired>false</retired>
    <encounterTypeId>4</encounterTypeId>
  </org.openmrs.EncounterType>
  <org.openmrs.EncounterType id="14" uuid="7b68d557-85ef-4fc8-b767-4fa4f5eb5c23">
    <name>Transfer</name>
    <description>Indicates that a patient is being transferred into a different department within the hospital. (Transfers out of the hospital should not use this encounter type.)</description>
    <creator/>
    <dateCreated id="15">2013-08-01 18:28:10</dateCreated>
    <retired>false</retired>
    <encounterTypeId>3</encounterTypeId>
  </org.openmrs.EncounterType>
</list>
