<?xml version="1.0" encoding="UTF-8"?>
<package id="1" uuid="629d71e7-fb30-4fed-9dcc-574db7e54c40">
  <dateCreated id="2">2013-07-25 16:50:12</dateCreated>
  <name>Reference Application Roles and Privileges</name>
  <description>Standard set of Roles and Privileges distributed with the Reference Application</description>
  <openmrsVersion>1.9.3  Build f535e9</openmrsVersion>
  <version>1</version>
  <groupUuid>c8fa4735-a1c1-441c-b4cc-972677379f44</groupUuid>
  <modules id="3">
    <entry>
      <string>htmlformentry</string>
      <string>2.1.2</string>
    </entry>
    <entry>
      <string>htmlformentry19ext</string>
      <string>1.3</string>
    </entry>
    <entry>
      <string>metadatamapping</string>
      <string>1.0.1</string>
    </entry>
    <entry>
      <string>metadatasharing</string>
      <string>1.1.8</string>
    </entry>
    <entry>
      <string>logic</string>
      <string>0.5.2</string>
    </entry>
  </modules>
  <items class="linked-hash-set" id="4">
    <org.openmrs.module.metadatasharing.Item id="5" uuid="aea81c49-5a27-4960-9a44-9ce9fe607c41">
      <classname>org.openmrs.Role</classname>
      <retired>false</retired>
    </org.openmrs.module.metadatasharing.Item>
    <org.openmrs.module.metadatasharing.Item id="6" uuid="00814f42-3e5e-40a5-8919-e9dba05c4a13">
      <classname>org.openmrs.Role</classname>
      <retired>false</retired>
    </org.openmrs.module.metadatasharing.Item>
    <org.openmrs.module.metadatasharing.Item id="7" uuid="5bb62b1d-bd7b-4171-ade9-2c87f9876b87">
      <classname>org.openmrs.Role</classname>
      <retired>false</retired>
    </org.openmrs.module.metadatasharing.Item>
    <org.openmrs.module.metadatasharing.Item id="8" uuid="a596c6fe-4c83-401f-9b71-86b140b4261a">
      <classname>org.openmrs.Role</classname>
      <retired>false</retired>
    </org.openmrs.module.metadatasharing.Item>
  </items>
  <relatedItems class="linked-hash-set" id="9"/>
</package>
